date,12:00 AM,12:30 AM,1:00 AM,1:30 AM,2:00 AM,2:30 AM,3:00 AM,3:30 AM,4:00 AM,4:30 AM,5:00 AM,5:30 AM,6:00 AM,6:30 AM,7:00 AM,7:30 AM,8:00 AM,8:30 AM,9:00 AM,9:30 AM,10:00 AM,10:30 AM,11:00 AM,11:30 AM,12:00 PM,12:30 PM,1:00 PM,1:30 PM,2:00 PM,2:30 PM,3:00 PM,3:30 PM,4:00 PM,4:30 PM,5:00 PM,5:30 PM,6:00 PM,6:30 PM,7:00 PM,7:30 PM,8:00 PM,8:30 PM,9:00 PM,9:30 PM,10:00 PM,10:30 PM,11:00 PM,11:30 PM
2017/01/01,13.0,13.0,13.0,13.0,13.0,13.0,13.0,12.0,12.0,12.0,12.0,12.0,11.0,11.0,11.0,11.0,12.0,12.0,13.0,15.0,17.0,17.0,18.0,20.0,20.0,21.0,22.0,22.0,22.0,22.0,22.0,22.0,22.0,21.0,21.0,21.0,19.0,18.0,18.0,18.0,17.0,16.0,16.0,16.0,15.0,15.0,14.0,14.0
2017/01/02,14.0,14.0,14.0,13.0,13.0,13.0,13.0,13.0,12.0,12.0,12.0,12.0,12.0,12.0,12.0,11.0,11.0,12.0,14.0,14.0,14.0,16.0,17.0,18.0,19.0,20.0,20.0,21.0,21.0,22.0,22.0,22.0,22.0,21.0,20.0,20.0,19.0,18.0,17.0,17.0,16.0,15.0,15.0,15.0,15.0,14.0,14.0,13.0
2017/01/03,13.0,13.0,13.0,12.0,13.0,12.0,12.0,12.0,12.0,11.0,11.0,11.0,11.0,11.0,11.0,11.0,11.0,11.0,11.0,11.0,11.0,12.0,13.0,14.0,16.0,18.0,20.0,21.0,21.0,22.0,22.0,22.0,22.0,21.0,20.0,19.0,19.0,18.0,17.0,17.0,17.0,17.0,17.0,16.0,15.0,15.0,15.0,14.0
2017/01/04,13.0,13.0,13.0,12.0,12.0,12.0,12.0,12.0,12.0,12.0,12.0,11.0,11.0,11.0,11.0,11.0,13.0,14.0,16.0,17.0,20.0,21.0,22.0,22.0,23.0,23.0,23.0,24.0,24.0,24.0,24.0,24.0,24.0,23.0,22.0,21.0,21.0,19.0,19.0,18.0,17.0,17.0,17.0,16.0,16.0,15.0,15.0,15.0
2017/01/05,14.0,14.0,14.0,13.0,13.0,13.0,13.0,13.0,13.0,13.0,13.0,13.0,13.0,13.0,13.0,13.0,13.0,13.0,15.0,16.0,18.0,19.0,20.0,21.0,22.0,24.0,24.0,24.0,25.0,24.0,24.0,24.0,24.0,24.0,23.0,21.0,21.0,19.0,18.0,17.0,17.0,17.0,17.0,17.0,17.0,16.0,16.0,16.0
2017/01/06,15.0,15.0,16.0,16.0,16.0,15.0,15.0,15.0,15.0,15.0,15.0,15.0,15.0,15.0,15.0,15.0,15.0,16.0,17.0,18.0,19.0,20.0,21.0,21.0,23.0,23.0,24.0,24.0,24.0,23.0,24.0,24.0,23.0,22.0,21.0,21.0,20.0,19.0,19.0,18.0,18.0,18.0,17.0,17.0,17.0,17.0,16.0,16.0
2017/01/07,16.0,16.0,16.0,15.0,15.0,15.0,15.0,,15.0,15.0,15.0,15.0,15.0,14.0,14.0,14.0,14.0,13.0,13.0,13.0,14.0,14.0,14.0,14.0,15.0,15.0,15.0,16.0,15.0,15.0,15.0,15.0,15.0,15.0,15.0,15.0,14.0,13.0,13.0,13.0,13.0,13.0,13.0,13.0,13.0,13.0,13.0,13.0
2017/01/08,13.0,13.0,,13.0,13.0,12.0,12.0,12.0,12.0,12.0,12.0,12.0,13.0,13.0,13.0,13.0,13.0,13.0,13.0,14.0,15.0,15.0,16.0,17.0,18.0,18.0,18.0,19.0,19.0,21.0,21.0,21.0,20.0,19.0,18.0,17.0,16.0,15.0,16.0,16.0,15.0,15.0,15.0,14.0,13.0,13.0,13.0,13.0
2017/01/09,13.0,13.0,13.0,12.0,12.0,12.0,12.0,12.0,12.0,12.0,12.0,11.0,11.0,10.0,10.0,10.0,11.0,11.0,11.0,10.0,10.0,10.0,11.0,12.0,14.0,15.0,16.0,16.0,17.0,17.0,18.0,18.0,18.0,17.0,17.0,16.0,15.0,14.0,14.0,14.0,13.0,13.0,13.0,12.0,12.0,12.0,12.0,12.0
2017/01/10,12.0,11.0,10.0,9.0,9.0,9.0,9.0,9.0,8.0,8.0,7.0,7.0,7.0,7.0,6.0,6.0,6.0,7.0,7.0,7.0,9.0,11.0,13.0,15.0,15.0,17.0,17.0,16.0,17.0,17.0,17.0,17.0,17.0,16.0,16.0,15.0,14.0,13.0,12.0,12.0,11.0,11.0,11.0,11.0,10.0,10.0,10.0,9.0
2017/01/11,9.0,9.0,7.0,7.0,7.0,7.0,7.0,7.0,7.0,6.0,6.0,6.0,6.0,6.0,6.0,6.0,4.0,5.0,6.0,8.0,9.0,11.0,13.0,14.0,15.0,15.0,16.0,16.0,16.0,16.0,16.0,16.0,16.0,16.0,15.0,14.0,13.0,13.0,12.0,12.0,12.0,11.0,11.0,11.0,11.0,11.0,10.0,9.0
2017/01/12,9.0,8.0,8.0,7.0,7.0,7.0,7.0,7.0,7.0,6.0,6.0,6.0,5.0,5.0,5.0,5.0,5.0,6.0,8.0,9.0,12.0,13.0,14.0,15.0,16.0,17.0,18.0,18.0,18.0,18.0,18.0,18.0,17.0,18.0,17.0,16.0,15.0,15.0,13.0,12.0,11.0,11.0,10.0,10.0,10.0,10.0,9.0,9.0
2017/01/13,8.0,8.0,8.0,8.0,8.0,7.0,7.0,7.0,7.0,7.0,6.0,6.0,6.0,6.0,6.0,6.0,6.0,7.0,7.0,9.0,10.0,14.0,14.0,14.0,16.0,17.0,,18.0,19.0,19.0,19.0,19.0,,18.0,18.0,17.0,16.0,15.0,14.0,14.0,13.0,13.0,12.0,12.0,12.0,12.0,12.0,9.0
2017/01/14,9.0,9.0,9.0,9.0,8.0,8.0,8.0,8.0,8.0,8.0,7.0,7.0,7.0,6.0,5.0,6.0,7.0,8.0,9.0,10.0,11.0,12.0,14.0,15.0,16.0,17.0,19.0,19.0,19.0,19.0,18.0,17.0,17.0,17.0,16.0,16.0,15.0,15.0,15.0,14.0,13.0,13.0,13.0,12.0,13.0,13.0,13.0,13.0
2017/01/15,13.0,13.0,12.0,12.0,12.0,12.0,12.0,12.0,12.0,12.0,11.0,11.0,11.0,11.0,9.0,9.0,9.0,10.0,12.0,14.0,15.0,16.0,17.0,19.0,20.0,21.0,21.0,22.0,23.0,23.0,23.0,22.0,22.0,22.0,21.0,21.0,19.0,18.0,17.0,17.0,17.0,17.0,17.0,16.0,16.0,16.0,16.0,15.0
2017/01/16,15.0,15.0,15.0,15.0,15.0,15.0,15.0,14.0,14.0,14.0,13.0,13.0,12.0,12.0,13.0,12.0,11.0,12.0,12.0,13.0,14.0,15.0,16.0,16.0,17.0,17.0,17.0,17.0,17.0,17.0,17.0,17.0,16.0,16.0,15.0,14.0,13.0,13.0,12.0,12.0,11.0,11.0,11.0,10.0,10.0,10.0,9.0,9.0
2017/01/17,9.0,8.0,8.0,8.0,8.0,8.0,7.0,8.0,7.0,7.0,5.0,5.0,5.0,5.0,5.0,5.0,5.0,6.0,6.0,7.0,8.0,10.0,10.0,11.0,12.0,12.0,13.0,13.0,14.0,15.0,15.0,15.0,15.0,15.0,15.0,13.0,12.0,12.0,11.0,11.0,10.0,10.0,10.0,10.0,10.0,10.0,10.0,9.0
2017/01/18,9.0,9.0,8.0,8.0,8.0,8.0,7.0,7.0,7.0,7.0,7.0,7.0,6.0,6.0,5.0,5.0,5.0,5.0,7.0,7.0,9.0,11.0,13.0,14.0,14.0,15.0,16.0,16.0,17.0,18.0,19.0,19.0,19.0,18.0,17.0,16.0,15.0,15.0,14.0,14.0,14.0,13.0,13.0,13.0,12.0,12.0,11.0,10.0
2017/01/19,9.0,9.0,9.0,8.0,8.0,8.0,8.0,7.0,7.0,7.0,7.0,7.0,7.0,7.0,6.0,6.0,6.0,7.0,7.0,8.0,9.0,12.0,12.0,13.0,17.0,17.0,18.0,19.0,19.0,19.0,19.0,19.0,19.0,19.0,19.0,18.0,16.0,15.0,15.0,14.0,13.0,13.0,13.0,12.0,12.0,12.0,12.0,12.0
2017/01/20,11.0,10.0,9.0,8.0,8.0,7.0,7.0,7.0,6.0,6.0,7.0,7.0,7.0,7.0,7.0,7.0,7.0,6.0,6.0,7.0,8.0,10.0,12.0,14.0,15.0,16.0,18.0,19.0,19.0,19.0,19.0,18.0,18.0,18.0,17.0,16.0,15.0,14.0,14.0,13.0,13.0,11.0,11.0,10.0,10.0,9.0,9.0,8.0
2017/01/21,8.0,8.0,8.0,8.0,8.0,8.0,8.0,8.0,8.0,8.0,7.0,7.0,7.0,6.0,5.0,5.0,6.0,7.0,8.0,8.0,11.0,18.0,13.0,16.0,17.0,18.0,18.0,18.0,19.0,18.0,19.0,19.0,19.0,18.0,18.0,17.0,16.0,16.0,16.0,16.0,15.0,15.0,15.0,14.0,14.0,14.0,13.0,13.0
2017/01/22,12.0,12.0,12.0,,11.0,11.0,11.0,11.0,11.0,11.0,10.0,10.0,10.0,9.0,9.0,9.0,9.0,10.0,11.0,12.0,15.0,16.0,18.0,19.0,20.0,21.0,23.0,23.0,23.0,23.0,24.0,23.0,23.0,22.0,21.0,20.0,19.0,19.0,18.0,17.0,17.0,16.0,16.0,16.0,15.0,14.0,14.0,14.0
2017/01/23,14.0,13.0,13.0,13.0,13.0,12.0,12.0,11.0,11.0,11.0,11.0,11.0,11.0,9.0,9.0,9.0,10.0,10.0,10.0,11.0,12.0,13.0,16.0,17.0,18.0,20.0,21.0,22.0,23.0,23.0,24.0,24.0,23.0,22.0,22.0,22.0,21.0,20.0,19.0,18.0,17.0,17.0,17.0,17.0,17.0,17.0,16.0,15.0
2017/01/24,14.0,14.0,13.0,13.0,12.0,12.0,12.0,12.0,12.0,12.0,11.0,11.0,11.0,11.0,11.0,11.0,12.0,13.0,14.0,15.0,17.0,18.0,19.0,20.0,21.0,22.0,23.0,24.0,25.0,25.0,25.0,25.0,24.0,24.0,23.0,23.0,22.0,21.0,21.0,20.0,19.0,18.0,18.0,18.0,17.0,17.0,17.0,17.0
2017/01/25,17.0,16.0,16.0,15.0,15.0,15.0,15.0,15.0,15.0,15.0,14.0,14.0,14.0,14.0,14.0,15.0,16.0,16.0,18.0,20.0,21.0,21.0,22.0,23.0,24.0,24.0,24.0,25.0,25.0,25.0,25.0,24.0,24.0,23.0,23.0,23.0,23.0,22.0,21.0,21.0,20.0,20.0,20.0,20.0,20.0,20.0,20.0,18.0
2017/01/26,18.0,18.0,18.0,18.0,18.0,18.0,18.0,18.0,18.0,18.0,18.0,18.0,18.0,17.0,17.0,17.0,17.0,18.0,17.0,18.0,18.0,17.0,18.0,18.0,18.0,18.0,17.0,17.0,16.0,16.0,16.0,16.0,16.0,16.0,16.0,16.0,15.0,15.0,15.0,15.0,15.0,15.0,14.0,14.0,14.0,14.0,15.0,15.0
2017/01/27,15.0,15.0,15.0,14.0,14.0,14.0,14.0,14.0,14.0,14.0,14.0,14.0,13.0,13.0,13.0,13.0,13.0,13.0,13.0,13.0,15.0,15.0,16.0,16.0,17.0,17.0,17.0,17.0,18.0,18.0,18.0,18.0,18.0,18.0,17.0,16.0,15.0,14.0,14.0,14.0,13.0,13.0,13.0,12.0,12.0,12.0,12.0,12.0
2017/01/28,12.0,,,,11.0,11.0,11.0,11.0,11.0,10.0,10.0,10.0,10.0,10.0,10.0,10.0,10.0,9.0,10.0,10.0,10.0,10.0,11.0,12.0,13.0,14.0,15.0,16.0,17.0,18.0,18.0,18.0,18.0,18.0,18.0,18.0,17.0,15.0,14.0,14.0,14.0,13.0,13.0,13.0,13.0,13.0,12.0,12.0
2017/01/29,12.0,12.0,12.0,12.0,12.0,12.0,12.0,12.0,11.0,11.0,11.0,11.0,11.0,11.0,11.0,11.0,11.0,11.0,12.0,12.0,12.0,13.0,14.0,14.0,16.0,17.0,18.0,19.0,20.0,20.0,21.0,21.0,21.0,20.0,20.0,20.0,18.0,17.0,17.0,17.0,16.0,15.0,15.0,15.0,15.0,14.0,14.0,14.0
2017/01/30,14.0,13.0,13.0,13.0,13.0,13.0,13.0,12.0,12.0,11.0,11.0,11.0,11.0,11.0,11.0,11.0,11.0,11.0,11.0,11.0,12.0,13.0,13.0,14.0,14.0,16.0,18.0,19.0,20.0,21.0,21.0,21.0,21.0,21.0,21.0,20.0,19.0,18.0,18.0,18.0,17.0,17.0,16.0,16.0,15.0,15.0,14.0,14.0
2017/01/31,13.0,13.0,13.0,13.0,13.0,13.0,12.0,12.0,12.0,12.0,12.0,12.0,12.0,10.0,10.0,11.0,11.0,12.0,15.0,16.0,17.0,18.0,19.0,20.0,20.0,21.0,,22.0,22.0,23.0,22.0,22.0,22.0,22.0,22.0,21.0,20.0,19.0,19.0,18.0,18.0,17.0,17.0,17.0,17.0,17.0,17.0,16.0
2017/02/01,16.0,16.0,15.0,14.0,13.0,13.0,13.0,12.0,11.0,11.0,11.0,11.0,11.0,11.0,10.0,10.0,,11.0,11.0,,12.0,12.0,14.0,14.0,16.0,18.0,18.0,20.0,20.0,20.0,20.0,21.0,20.0,21.0,21.0,20.0,19.0,18.0,17.0,17.0,17.0,16.0,16.0,15.0,,15.0,14.0,14.0
2017/02/02,,14.0,14.0,13.0,13.0,13.0,12.0,12.0,12.0,12.0,11.0,11.0,10.0,10.0,10.0,10.0,11.0,12.0,12.0,15.0,16.0,17.0,18.0,20.0,20.0,21.0,22.0,22.0,22.0,23.0,23.0,23.0,23.0,23.0,23.0,21.0,20.0,20.0,19.0,19.0,18.0,15.0,17.0,16.0,15.0,15.0,,14.0
2017/02/03,,14.0,14.0,14.0,14.0,13.0,13.0,12.0,12.0,12.0,12.0,12.0,11.0,11.0,11.0,11.0,12.0,13.0,15.0,,16.0,18.0,20.0,21.0,22.0,22.0,23.0,23.0,24.0,24.0,24.0,24.0,24.0,,23.0,22.0,21.0,20.0,19.0,18.0,18.0,17.0,17.0,17.0,17.0,16.0,16.0,16.0
2017/02/04,15.0,15.0,15.0,15.0,15.0,15.0,,14.0,14.0,14.0,14.0,14.0,14.0,14.0,15.0,15.0,15.0,15.0,16.0,17.0,17.0,19.0,19.0,21.0,21.0,21.0,22.0,,,23.0,22.0,22.0,22.0,22.0,22.0,21.0,20.0,20.0,19.0,19.0,19.0,19.0,19.0,19.0,19.0,19.0,19.0,19.0
2017/02/05,18.0,18.0,18.0,18.0,18.0,18.0,18.0,18.0,18.0,17.0,,17.0,17.0,17.0,16.0,16.0,16.0,17.0,17.0,18.0,19.0,19.0,20.0,21.0,21.0,21.0,22.0,22.0,23.0,23.0,23.0,23.0,23.0,23.0,22.0,21.0,20.0,20.0,20.0,19.0,19.0,19.0,18.0,18.0,18.0,18.0,17.0,17.0
2017/02/06,16.0,16.0,16.0,,15.0,15.0,15.0,,14.0,14.0,14.0,14.0,14.0,13.0,12.0,13.0,13.0,13.0,14.0,14.0,14.0,15.0,15.0,16.0,19.0,21.0,21.0,22.0,22.0,23.0,23.0,22.0,22.0,,21.0,20.0,19.0,18.0,17.0,17.0,17.0,17.0,17.0,17.0,16.0,16.0,15.0,15.0
2017/02/07,14.0,14.0,13.0,13.0,13.0,12.0,12.0,11.0,11.0,10.0,10.0,9.0,9.0,9.0,8.0,8.0,9.0,10.0,11.0,12.0,14.0,15.0,16.0,17.0,18.0,18.0,,19.0,20.0,20.0,20.0,21.0,21.0,20.0,19.0,19.0,18.0,17.0,17.0,16.0,15.0,16.0,15.0,14.0,14.0,14.0,14.0,14.0
2017/02/08,,13.0,13.0,13.0,13.0,12.0,12.0,12.0,11.0,10.0,10.0,10.0,10.0,10.0,9.0,9.0,10.0,11.0,12.0,13.0,14.0,,18.0,18.0,19.0,20.0,20.0,21.0,22.0,23.0,23.0,23.0,23.0,23.0,,21.0,21.0,20.0,20.0,19.0,18.0,18.0,17.0,16.0,16.0,16.0,16.0,18.0
2017/02/09,15.0,,15.0,14.0,14.0,13.0,13.0,13.0,13.0,13.0,13.0,12.0,12.0,12.0,10.0,10.0,10.0,12.0,12.0,14.0,15.0,,18.0,19.0,19.0,20.0,20.0,20.0,21.0,21.0,21.0,21.0,21.0,,20.0,19.0,,18.0,18.0,17.0,16.0,16.0,14.0,14.0,14.0,13.0,13.0,13.0
2017/02/10,13.0,13.0,12.0,12.0,12.0,12.0,11.0,11.0,11.0,10.0,10.0,10.0,9.0,9.0,9.0,,9.0,10.0,11.0,12.0,13.0,14.0,16.0,18.0,19.0,20.0,21.0,21.0,22.0,22.0,22.0,22.0,22.0,21.0,21.0,21.0,20.0,19.0,18.0,17.0,17.0,16.0,16.0,15.0,15.0,14.0,14.0,13.0
2017/02/11,13.0,13.0,12.0,,,11.0,11.0,11.0,10.0,10.0,9.0,9.0,9.0,8.0,8.0,8.0,9.0,11.0,13.0,14.0,15.0,17.0,18.0,19.0,20.0,21.0,21.0,22.0,22.0,22.0,23.0,23.0,23.0,23.0,23.0,22.0,21.0,20.0,19.0,19.0,18.0,17.0,16.0,16.0,16.0,16.0,15.0,14.0
2017/02/12,14.0,13.0,13.0,13.0,13.0,12.0,12.0,12.0,11.0,11.0,11.0,11.0,11.0,10.0,10.0,10.0,11.0,12.0,,15.0,17.0,18.0,20.0,22.0,22.0,,,24.0,24.0,24.0,24.0,24.0,24.0,23.0,23.0,22.0,21.0,20.0,20.0,19.0,19.0,18.0,16.0,15.0,16.0,15.0,15.0,15.0
2017/02/13,14.0,13.0,13.0,13.0,13.0,13.0,13.0,13.0,12.0,12.0,11.0,11.0,11.0,10.0,10.0,10.0,12.0,12.0,13.0,15.0,17.0,18.0,20.0,21.0,,23.0,23.0,23.0,23.0,23.0,23.0,23.0,23.0,23.0,23.0,22.0,21.0,,19.0,18.0,18.0,18.0,17.0,16.0,16.0,15.0,15.0,14.0
2017/02/14,14.0,13.0,13.0,13.0,12.0,12.0,12.0,12.0,11.0,11.0,11.0,10.0,10.0,9.0,9.0,9.0,10.0,11.0,12.0,13.0,15.0,17.0,17.0,20.0,21.0,,23.0,23.0,24.0,24.0,24.0,24.0,24.0,24.0,24.0,23.0,21.0,,19.0,18.0,18.0,18.0,18.0,17.0,17.0,17.0,16.0,16.0
2017/02/15,16.0,16.0,14.0,14.0,14.0,14.0,13.0,12.0,12.0,12.0,12.0,11.0,11.0,11.0,11.0,11.0,13.0,14.0,15.0,17.0,18.0,19.0,20.0,21.0,22.0,23.0,25.0,25.0,25.0,26.0,26.0,26.0,26.0,25.0,25.0,24.0,23.0,22.0,21.0,20.0,20.0,19.0,19.0,18.0,18.0,17.0,17.0,16.0
2017/02/16,16.0,16.0,16.0,16.0,16.0,16.0,16.0,16.0,15.0,15.0,14.0,14.0,13.0,13.0,12.0,12.0,12.0,14.0,14.0,16.0,19.0,20.0,23.0,24.0,24.0,25.0,25.0,25.0,26.0,26.0,26.0,26.0,26.0,26.0,25.0,24.0,24.0,23.0,,22.0,21.0,21.0,21.0,20.0,,19.0,19.0,19.0
2017/02/17,,19.0,19.0,18.0,18.0,17.0,16.0,15.0,15.0,15.0,14.0,14.0,14.0,15.0,15.0,15.0,16.0,16.0,17.0,18.0,18.0,18.0,19.0,21.0,21.0,22.0,23.0,23.0,24.0,26.0,27.0,26.0,26.0,26.0,26.0,25.0,23.0,22.0,21.0,21.0,20.0,20.0,19.0,19.0,19.0,18.0,18.0,18.0
2017/02/18,18.0,18.0,17.0,17.0,17.0,17.0,17.0,16.0,16.0,15.0,15.0,15.0,14.0,14.0,14.0,14.0,14.0,16.0,17.0,19.0,19.0,21.0,23.0,24.0,25.0,27.0,28.0,28.0,28.0,28.0,29.0,29.0,29.0,29.0,28.0,28.0,,25.0,24.0,24.0,23.0,23.0,23.0,23.0,23.0,22.0,21.0,21.0
2017/02/19,,20.0,19.0,19.0,19.0,18.0,18.0,17.0,17.0,17.0,17.0,16.0,16.0,16.0,16.0,15.0,17.0,19.0,21.0,21.0,22.0,22.0,25.0,25.0,27.0,,29.0,29.0,30.0,30.0,30.0,30.0,30.0,30.0,29.0,29.0,28.0,27.0,26.0,25.0,24.0,24.0,24.0,23.0,23.0,23.0,23.0,21.0
2017/02/20,,21.0,20.0,20.0,19.0,19.0,19.0,,19.0,19.0,19.0,19.0,19.0,19.0,19.0,20.0,20.0,21.0,23.0,24.0,25.0,26.0,27.0,28.0,28.0,29.0,29.0,30.0,31.0,32.0,32.0,32.0,32.0,32.0,31.0,30.0,,27.0,27.0,26.0,,24.0,26.0,25.0,24.0,24.0,24.0,21.0
2017/02/21,21.0,,21.0,20.0,20.0,19.0,18.0,18.0,17.0,17.0,17.0,16.0,16.0,16.0,15.0,,15.0,16.0,16.0,18.0,19.0,20.0,20.0,21.0,23.0,23.0,23.0,23.0,24.0,24.0,25.0,25.0,25.0,24.0,24.0,23.0,23.0,22.0,21.0,21.0,20.0,20.0,20.0,20.0,20.0,20.0,,19.0
2017/02/22,19.0,19.0,19.0,18.0,18.0,17.0,17.0,17.0,16.0,16.0,15.0,14.0,14.0,14.0,14.0,14.0,15.0,15.0,17.0,19.0,21.0,22.0,22.0,23.0,25.0,25.0,25.0,26.0,26.0,27.0,27.0,26.0,26.0,26.0,25.0,24.0,23.0,23.0,22.0,22.0,21.0,21.0,20.0,20.0,20.0,19.0,19.0,18.0
2017/02/23,17.0,17.0,17.0,17.0,17.0,17.0,16.0,16.0,15.0,14.0,14.0,13.0,13.0,13.0,12.0,11.0,12.0,14.0,15.0,17.0,19.0,20.0,21.0,23.0,24.0,24.0,,24.0,25.0,25.0,25.0,25.0,25.0,24.0,24.0,23.0,23.0,22.0,21.0,19.0,19.0,18.0,18.0,18.0,18.0,18.0,17.0,17.0
2017/02/24,16.0,17.0,17.0,17.0,16.0,16.0,16.0,16.0,,11.0,10.0,10.0,10.0,9.0,9.0,10.0,11.0,14.0,16.0,18.0,19.0,21.0,22.0,22.0,22.0,23.0,24.0,24.0,,24.0,24.0,25.0,25.0,24.0,24.0,23.0,22.0,22.0,22.0,21.0,19.0,19.0,17.0,17.0,16.0,16.0,,15.0
2017/02/25,15.0,16.0,,14.0,14.0,13.0,13.0,13.0,12.0,11.0,11.0,11.0,11.0,11.0,11.0,10.0,12.0,13.0,15.0,17.0,17.0,21.0,22.0,23.0,24.0,24.0,24.0,24.0,25.0,26.0,27.0,27.0,26.0,27.0,26.0,26.0,24.0,23.0,22.0,21.0,21.0,21.0,21.0,20.0,20.0,19.0,18.0,17.0
2017/02/26,17.0,17.0,16.0,15.0,15.0,14.0,14.0,14.0,13.0,13.0,13.0,12.0,,11.0,11.0,11.0,11.0,12.0,14.0,16.0,18.0,20.0,20.0,22.0,24.0,25.0,26.0,26.0,26.0,26.0,27.0,27.0,27.0,26.0,26.0,26.0,24.0,24.0,23.0,23.0,20.0,20.0,20.0,19.0,18.0,17.0,17.0,16.0
2017/02/27,,16.0,16.0,16.0,16.0,15.0,15.0,14.0,13.0,13.0,13.0,12.0,13.0,11.0,11.0,12.0,13.0,15.0,18.0,20.0,22.0,23.0,24.0,25.0,27.0,27.0,27.0,28.0,29.0,29.0,29.0,28.0,28.0,28.0,28.0,27.0,27.0,25.0,25.0,24.0,24.0,23.0,23.0,22.0,21.0,21.0,21.0,20.0
2017/02/28,19.0,18.0,18.0,17.0,17.0,16.0,16.0,16.0,,,15.0,15.0,15.0,15.0,16.0,16.0,16.0,17.0,20.0,21.0,23.0,24.0,25.0,28.0,,30.0,30.0,30.0,31.0,33.0,33.0,33.0,33.0,32.0,30.0,29.0,,28.0,26.0,,25.0,25.0,24.0,24.0,24.0,23.0,23.0,21.0
2017/03/01,21.0,21.0,21.0,21.0,,20.0,20.0,20.0,20.0,22.0,22.0,21.0,21.0,20.0,20.0,20.0,20.0,22.0,23.0,25.0,26.0,26.0,26.0,26.0,26.0,27.0,28.0,28.0,28.0,29.0,29.0,29.0,30.0,29.0,29.0,29.0,28.0,,26.0,26.0,25.0,24.0,24.0,24.0,23.0,23.0,,23.0
2017/03/02,23.0,22.0,22.0,22.0,22.0,21.0,21.0,20.0,20.0,20.0,,18.0,17.0,17.0,17.0,16.0,18.0,20.0,21.0,22.0,23.0,23.0,23.0,24.0,24.0,24.0,25.0,25.0,25.0,27.0,27.0,27.0,27.0,28.0,,27.0,25.0,24.0,23.0,22.0,21.0,22.0,22.0,22.0,,22.0,22.0,21.0
2017/03/03,21.0,20.0,20.0,20.0,20.0,20.0,19.0,19.0,,18.0,18.0,18.0,,16.0,15.0,15.0,16.0,18.0,19.0,19.0,22.0,,25.0,26.0,26.0,,27.0,,,27.0,26.0,26.0,25.0,24.0,24.0,23.0,23.0,23.0,22.0,21.0,21.0,21.0,21.0,20.0,20.0,19.0,,17.0
2017/03/04,17.0,17.0,17.0,16.0,16.0,16.0,17.0,,15.0,15.0,14.0,13.0,12.0,12.0,12.0,12.0,14.0,15.0,17.0,18.0,20.0,21.0,22.0,23.0,23.0,24.0,25.0,25.0,25.0,26.0,,26.0,26.0,26.0,,24.0,24.0,22.0,22.0,21.0,21.0,21.0,20.0,20.0,19.0,17.0,,17.0
2017/03/05,,16.0,16.0,15.0,15.0,14.0,14.0,,13.0,13.0,13.0,12.0,12.0,11.0,11.0,11.0,12.0,14.0,16.0,17.0,19.0,20.0,23.0,25.0,25.0,25.0,26.0,27.0,,27.0,27.0,27.0,27.0,27.0,27.0,26.0,,24.0,23.0,22.0,21.0,20.0,19.0,19.0,18.0,18.0,18.0,18.0
2017/03/06,17.0,17.0,17.0,16.0,,15.0,14.0,14.0,13.0,13.0,12.0,12.0,12.0,11.0,11.0,13.0,14.0,16.0,18.0,18.0,19.0,21.0,23.0,24.0,25.0,26.0,26.0,27.0,27.0,28.0,28.0,28.0,28.0,28.0,27.0,26.0,26.0,,23.0,,22.0,22.0,22.0,22.0,22.0,21.0,20.0,20.0
2017/03/07,,20.0,19.0,19.0,19.0,18.0,18.0,16.0,16.0,16.0,14.0,14.0,,14.0,14.0,14.0,14.0,17.0,17.0,20.0,23.0,23.0,25.0,26.0,27.0,27.0,28.0,28.0,28.0,30.0,30.0,30.0,30.0,30.0,29.0,28.0,28.0,26.0,25.0,24.0,23.0,22.0,22.0,21.0,20.0,20.0,,20.0
2017/03/08,21.0,21.0,21.0,21.0,20.0,20.0,20.0,20.0,20.0,20.0,,20.0,19.0,19.0,19.0,19.0,20.0,20.0,20.0,,21.0,21.0,22.0,22.0,23.0,24.0,25.0,25.0,25.0,26.0,26.0,26.0,26.0,25.0,25.0,25.0,24.0,23.0,23.0,22.0,22.0,22.0,22.0,22.0,22.0,22.0,22.0,20.0
2017/03/09,20.0,20.0,19.0,18.0,18.0,18.0,18.0,18.0,17.0,16.0,16.0,16.0,16.0,15.0,15.0,16.0,17.0,18.0,19.0,20.0,22.0,22.0,23.0,25.0,25.0,25.0,,26.0,27.0,27.0,26.0,21.0,19.0,17.0,19.0,20.0,20.0,19.0,18.0,18.0,17.0,17.0,17.0,17.0,17.0,17.0,17.0,16.0
2017/03/10,16.0,16.0,16.0,16.0,16.0,16.0,16.0,16.0,15.0,15.0,15.0,15.0,15.0,15.0,,15.0,15.0,17.0,18.0,19.0,20.0,20.0,21.0,22.0,23.0,23.0,24.0,24.0,24.0,23.0,23.0,23.0,,22.0,20.0,20.0,18.0,18.0,18.0,17.0,16.0,16.0,15.0,15.0,15.0,15.0,15.0,15.0
2017/03/11,14.0,14.0,14.0,,12.0,12.0,12.0,12.0,12.0,12.0,12.0,12.0,12.0,13.0,13.0,13.0,14.0,14.0,16.0,17.0,18.0,18.0,19.0,28.0,20.0,20.0,,21.0,22.0,23.0,23.0,23.0,23.0,23.0,22.0,22.0,21.0,21.0,20.0,20.0,20.0,19.0,18.0,18.0,17.0,18.0,18.0,17.0
2017/03/12,17.0,16.0,15.0,15.0,14.0,14.0,14.0,14.0,12.0,14.0,13.0,13.0,13.0,13.0,12.0,13.0,13.0,15.0,16.0,17.0,17.0,19.0,20.0,21.0,,22.0,,22.0,22.0,22.0,22.0,22.0,22.0,22.0,22.0,21.0,20.0,20.0,20.0,19.0,18.0,18.0,18.0,18.0,18.0,18.0,18.0,18.0
2017/03/13,17.0,17.0,16.0,16.0,,15.0,15.0,14.0,14.0,12.0,11.0,11.0,,10.0,10.0,11.0,12.0,13.0,15.0,16.0,16.0,19.0,20.0,21.0,21.0,22.0,,23.0,23.0,23.0,23.0,23.0,23.0,23.0,,22.0,22.0,21.0,20.0,20.0,19.0,19.0,19.0,18.0,18.0,18.0,17.0,16.0
2017/03/14,16.0,16.0,16.0,15.0,15.0,14.0,13.0,13.0,13.0,13.0,,11.0,12.0,12.0,12.0,12.0,14.0,15.0,17.0,18.0,19.0,21.0,21.0,22.0,23.0,23.0,,24.0,24.0,25.0,25.0,26.0,26.0,25.0,25.0,24.0,24.0,22.0,22.0,21.0,21.0,20.0,20.0,19.0,19.0,19.0,19.0,16.0
2017/03/15,19.0,19.0,17.0,17.0,16.0,15.0,15.0,15.0,14.0,14.0,14.0,13.0,12.0,,,12.0,14.0,16.0,17.0,18.0,21.0,21.0,22.0,24.0,25.0,25.0,26.0,26.0,28.0,28.0,28.0,28.0,,28.0,27.0,27.0,25.0,25.0,24.0,24.0,23.0,22.0,,21.0,20.0,20.0,20.0,17.0
2017/03/16,19.0,18.0,,18.0,17.0,17.0,17.0,17.0,16.0,15.0,15.0,15.0,15.0,15.0,15.0,15.0,17.0,19.0,21.0,,24.0,26.0,26.0,27.0,28.0,28.0,28.0,,29.0,28.0,29.0,29.0,29.0,28.0,28.0,27.0,26.0,25.0,24.0,24.0,,24.0,23.0,23.0,22.0,22.0,22.0,21.0
2017/03/17,21.0,20.0,20.0,20.0,20.0,18.0,18.0,16.0,15.0,14.0,14.0,14.0,13.0,13.0,13.0,13.0,14.0,15.0,17.0,18.0,19.0,22.0,23.0,24.0,25.0,25.0,26.0,,27.0,27.0,27.0,27.0,27.0,27.0,26.0,26.0,25.0,24.0,23.0,23.0,22.0,22.0,22.0,22.0,21.0,21.0,21.0,21.0
2017/03/18,21.0,20.0,20.0,19.0,19.0,18.0,18.0,18.0,17.0,18.0,16.0,16.0,15.0,14.0,15.0,15.0,17.0,18.0,20.0,21.0,22.0,23.0,25.0,26.0,27.0,27.0,28.0,29.0,29.0,29.0,29.0,29.0,29.0,29.0,29.0,28.0,27.0,27.0,27.0,,24.0,24.0,24.0,24.0,,23.0,23.0,23.0
2017/03/19,23.0,22.0,21.0,20.0,20.0,19.0,18.0,18.0,18.0,17.0,17.0,17.0,17.0,18.0,19.0,19.0,20.0,21.0,22.0,24.0,25.0,25.0,25.0,26.0,27.0,27.0,28.0,28.0,29.0,29.0,29.0,29.0,29.0,29.0,29.0,28.0,28.0,27.0,26.0,25.0,24.0,24.0,24.0,23.0,22.0,21.0,21.0,20.0
2017/03/20,,19.0,19.0,18.0,18.0,18.0,18.0,18.0,17.0,17.0,17.0,16.0,16.0,16.0,16.0,,18.0,18.0,20.0,22.0,23.0,26.0,27.0,27.0,28.0,29.0,29.0,29.0,23.0,30.0,31.0,31.0,9.0,29.0,29.0,28.0,28.0,27.0,26.0,25.0,24.0,24.0,23.0,23.0,21.0,,,20.0
2017/03/21,19.0,18.0,18.0,18.0,18.0,18.0,18.0,18.0,18.0,18.0,18.0,17.0,17.0,17.0,18.0,18.0,19.0,21.0,23.0,25.0,26.0,27.0,28.0,30.0,31.0,31.0,32.0,33.0,33.0,33.0,33.0,34.0,33.0,33.0,33.0,32.0,32.0,30.0,29.0,29.0,28.0,28.0,28.0,27.0,26.0,26.0,25.0,24.0
2017/03/22,24.0,23.0,23.0,22.0,22.0,21.0,21.0,20.0,20.0,19.0,19.0,19.0,19.0,19.0,,19.0,22.0,23.0,25.0,27.0,29.0,29.0,32.0,33.0,34.0,34.0,34.0,35.0,35.0,35.0,35.0,36.0,36.0,36.0,35.0,34.0,32.0,,30.0,29.0,28.0,28.0,28.0,27.0,27.0,27.0,27.0,27.0
2017/03/23,27.0,27.0,26.0,25.0,24.0,23.0,23.0,22.0,22.0,21.0,,21.0,21.0,20.0,21.0,22.0,23.0,25.0,26.0,,29.0,30.0,31.0,32.0,34.0,35.0,35.0,36.0,37.0,37.0,,37.0,37.0,37.0,,36.0,35.0,34.0,32.0,32.0,,30.0,30.0,30.0,,29.0,28.0,28.0
2017/03/24,,27.0,26.0,26.0,26.0,25.0,25.0,24.0,24.0,,22.0,22.0,22.0,22.0,23.0,23.0,24.0,24.0,26.0,27.0,28.0,29.0,30.0,31.0,,34.0,34.0,34.0,34.0,34.0,34.0,35.0,35.0,34.0,34.0,33.0,,31.0,31.0,30.0,30.0,28.0,28.0,28.0,26.0,26.0,26.0,25.0
2017/03/25,25.0,,25.0,24.0,24.0,23.0,23.0,21.0,21.0,19.0,19.0,19.0,18.0,17.0,17.0,,21.0,22.0,23.0,25.0,27.0,28.0,29.0,30.0,,31.0,32.0,33.0,34.0,33.0,33.0,33.0,33.0,33.0,33.0,32.0,32.0,30.0,29.0,28.0,28.0,27.0,26.0,26.0,26.0,26.0,26.0,26.0
2017/03/26,26.0,25.0,,,24.0,21.0,23.0,22.0,21.0,19.0,19.0,19.0,19.0,18.0,19.0,20.0,20.0,23.0,23.0,26.0,28.0,29.0,30.0,31.0,34.0,34.0,34.0,34.0,35.0,34.0,34.0,34.0,35.0,,33.0,33.0,33.0,31.0,30.0,,30.0,28.0,28.0,27.0,27.0,26.0,26.0,25.0
2017/03/27,25.0,25.0,24.0,24.0,24.0,24.0,,25.0,24.0,22.0,,21.0,21.0,20.0,19.0,19.0,21.0,23.0,25.0,26.0,28.0,30.0,,32.0,33.0,32.0,34.0,34.0,36.0,37.0,37.0,37.0,36.0,36.0,36.0,35.0,34.0,34.0,32.0,31.0,31.0,30.0,30.0,,29.0,,28.0,28.0
2017/03/28,28.0,27.0,27.0,26.0,25.0,24.0,23.0,23.0,23.0,22.0,22.0,22.0,22.0,22.0,23.0,23.0,24.0,26.0,27.0,30.0,31.0,32.0,32.0,34.0,35.0,,37.0,,38.0,38.0,38.0,38.0,38.0,38.0,37.0,36.0,,36.0,35.0,34.0,32.0,32.0,31.0,29.0,,28.0,28.0,27.0
2017/03/29,26.0,25.0,,25.0,,24.0,24.0,24.0,24.0,23.0,24.0,24.0,23.0,23.0,,24.0,26.0,27.0,,31.0,32.0,33.0,35.0,36.0,37.0,,37.0,37.0,39.0,39.0,39.0,38.0,38.0,38.0,38.0,37.0,36.0,35.0,34.0,33.0,32.0,32.0,32.0,31.0,31.0,31.0,31.0,30.0
2017/03/30,30.0,29.0,29.0,29.0,29.0,28.0,28.0,27.0,,25.0,24.0,23.0,22.0,22.0,23.0,24.0,,27.0,28.0,29.0,30.0,32.0,34.0,34.0,,37.0,37.0,37.0,37.0,38.0,38.0,38.0,38.0,38.0,37.0,36.0,35.0,35.0,34.0,34.0,33.0,33.0,32.0,,31.0,31.0,31.0,31.0
2017/03/31,30.0,29.0,29.0,27.0,27.0,26.0,26.0,25.0,24.0,23.0,23.0,23.0,23.0,23.0,23.0,,25.0,28.0,,31.0,31.0,33.0,33.0,33.0,33.0,36.0,37.0,38.0,38.0,39.0,39.0,39.0,39.0,39.0,38.0,38.0,38.0,37.0,36.0,35.0,34.0,34.0,34.0,33.0,31.0,,31.0,30.0
2017/04/01,30.0,29.0,29.0,28.0,27.0,26.0,25.0,25.0,24.0,,24.0,24.0,24.0,23.0,23.0,,,28.0,29.0,32.0,33.0,33.0,36.0,36.0,37.0,38.0,39.0,39.0,39.0,40.0,40.0,40.0,40.0,39.0,39.0,38.0,38.0,37.0,35.0,35.0,35.0,32.0,34.0,34.0,33.0,33.0,33.0,31.0
2017/04/02,31.0,,30.0,28.0,27.0,25.0,24.0,24.0,24.0,24.0,24.0,24.0,23.0,23.0,24.0,24.0,26.0,27.0,28.0,29.0,31.0,33.0,35.0,36.0,36.0,,37.0,,38.0,38.0,,38.0,38.0,38.0,38.0,38.0,36.0,35.0,36.0,34.0,33.0,32.0,32.0,32.0,31.0,31.0,31.0,30.0
2017/04/03,30.0,30.0,30.0,29.0,28.0,28.0,27.0,26.0,26.0,23.0,23.0,23.0,22.0,22.0,23.0,25.0,27.0,28.0,30.0,30.0,32.0,34.0,35.0,36.0,37.0,38.0,39.0,,39.0,39.0,,40.0,,,39.0,39.0,38.0,37.0,36.0,35.0,34.0,34.0,33.0,33.0,33.0,33.0,31.0,31.0
2017/04/04,30.0,30.0,29.0,29.0,28.0,28.0,27.0,28.0,27.0,27.0,26.0,25.0,25.0,25.0,25.0,26.0,27.0,30.0,30.0,30.0,30.0,32.0,33.0,33.0,35.0,36.0,36.0,36.0,,38.0,37.0,37.0,36.0,36.0,35.0,34.0,32.0,,31.0,30.0,30.0,30.0,,29.0,29.0,28.0,28.0,29.0
2017/04/05,24.0,26.0,25.0,26.0,25.0,25.0,27.0,27.0,26.0,,25.0,25.0,25.0,24.0,23.0,25.0,26.0,28.0,29.0,29.0,29.0,30.0,30.0,31.0,32.0,32.0,32.0,33.0,33.0,33.0,33.0,33.0,34.0,34.0,32.0,31.0,30.0,29.0,27.0,27.0,26.0,25.0,25.0,25.0,25.0,25.0,25.0,25.0
2017/04/06,,25.0,25.0,,25.0,26.0,26.0,26.0,25.0,25.0,24.0,24.0,24.0,24.0,24.0,25.0,26.0,26.0,,29.0,30.0,32.0,33.0,34.0,35.0,36.0,37.0,37.0,38.0,38.0,38.0,38.0,38.0,,37.0,36.0,36.0,34.0,33.0,31.0,,30.0,,29.0,29.0,29.0,28.0,28.0
2017/04/07,28.0,28.0,28.0,28.0,28.0,27.0,26.0,26.0,26.0,25.0,25.0,25.0,24.0,24.0,24.0,24.0,25.0,26.0,26.0,27.0,29.0,30.0,30.0,33.0,33.0,33.0,34.0,34.0,34.0,35.0,35.0,35.0,35.0,34.0,33.0,33.0,32.0,31.0,31.0,,31.0,30.0,30.0,29.0,29.0,28.0,28.0,27.0
2017/04/08,,26.0,25.0,24.0,24.0,24.0,23.0,22.0,21.0,20.0,,19.0,19.0,18.0,19.0,20.0,22.0,23.0,,27.0,29.0,,31.0,31.0,32.0,,32.0,32.0,33.0,34.0,,,33.0,33.0,33.0,33.0,32.0,,31.0,,,28.0,28.0,27.0,27.0,27.0,27.0,27.0
2017/04/09,27.0,26.0,26.0,25.0,24.0,23.0,23.0,23.0,22.0,22.0,22.0,22.0,22.0,21.0,22.0,22.0,23.0,24.0,25.0,27.0,29.0,,,30.0,30.0,30.0,31.0,31.0,32.0,32.0,32.0,32.0,33.0,,33.0,32.0,,31.0,30.0,29.0,29.0,29.0,28.0,28.0,,27.0,26.0,26.0
2017/04/10,26.0,25.0,24.0,24.0,,23.0,,23.0,22.0,22.0,22.0,21.0,21.0,20.0,20.0,22.0,23.0,23.0,24.0,26.0,28.0,29.0,30.0,30.0,32.0,32.0,33.0,,34.0,34.0,34.0,34.0,34.0,34.0,34.0,33.0,33.0,32.0,31.0,,30.0,29.0,29.0,28.0,27.0,27.0,26.0,25.0
2017/04/11,25.0,24.0,24.0,24.0,24.0,24.0,23.0,23.0,22.0,22.0,21.0,20.0,18.0,17.0,18.0,19.0,21.0,23.0,25.0,27.0,30.0,32.0,33.0,34.0,35.0,36.0,36.0,37.0,38.0,38.0,38.0,38.0,38.0,38.0,38.0,38.0,35.0,34.0,32.0,30.0,30.0,32.0,32.0,31.0,31.0,30.0,30.0,30.0
2017/04/12,30.0,29.0,29.0,28.0,27.0,26.0,25.0,25.0,23.0,,22.0,20.0,20.0,20.0,,22.0,24.0,24.0,24.0,,31.0,32.0,34.0,35.0,,38.0,38.0,38.0,39.0,39.0,39.0,39.0,39.0,39.0,39.0,38.0,38.0,38.0,36.0,35.0,34.0,34.0,33.0,33.0,33.0,32.0,32.0,31.0
2017/04/13,29.0,29.0,,28.0,27.0,26.0,25.0,25.0,25.0,25.0,24.0,23.0,23.0,,23.0,24.0,25.0,27.0,29.0,31.0,33.0,34.0,35.0,36.0,37.0,38.0,39.0,39.0,40.0,40.0,40.0,41.0,41.0,41.0,41.0,40.0,40.0,39.0,36.0,35.0,34.0,33.0,31.0,30.0,30.0,30.0,30.0,29.0
2017/04/14,29.0,28.0,28.0,28.0,27.0,27.0,27.0,27.0,27.0,,27.0,25.0,27.0,27.0,27.0,28.0,28.0,32.0,33.0,34.0,37.0,,38.0,39.0,39.0,,40.0,41.0,42.0,42.0,43.0,43.0,43.0,43.0,,42.0,41.0,40.0,38.0,,36.0,35.0,34.0,,32.0,32.0,,31.0
2017/04/15,30.0,30.0,,29.0,29.0,28.0,28.0,27.0,26.0,26.0,25.0,25.0,,26.0,27.0,29.0,30.0,32.0,33.0,34.0,35.0,36.0,37.0,38.0,39.0,39.0,40.0,41.0,41.0,42.0,43.0,43.0,,43.0,42.0,42.0,41.0,40.0,38.0,37.0,,35.0,34.0,34.0,33.0,33.0,32.0,31.0
2017/04/16,31.0,30.0,,29.0,,28.0,28.0,27.0,27.0,27.0,26.0,26.0,26.0,,25.0,26.0,29.0,30.0,32.0,33.0,34.0,36.0,37.0,38.0,39.0,40.0,40.0,,41.0,42.0,42.0,42.0,,42.0,42.0,40.0,,38.0,37.0,36.0,35.0,34.0,33.0,33.0,32.0,31.0,31.0,31.0
2017/04/17,30.0,30.0,,30.0,30.0,29.0,29.0,29.0,29.0,28.0,28.0,28.0,27.0,27.0,27.0,28.0,30.0,30.0,31.0,32.0,33.0,35.0,36.0,37.0,38.0,39.0,,40.0,40.0,41.0,43.0,44.0,43.0,,43.0,43.0,42.0,,,39.0,,36.0,34.0,33.0,33.0,33.0,,33.0
2017/04/18,33.0,32.0,32.0,32.0,30.0,31.0,31.0,,28.0,28.0,28.0,27.0,28.0,,28.0,29.0,30.0,31.0,32.0,,35.0,36.0,37.0,38.0,39.0,,41.0,41.0,43.0,43.0,44.0,44.0,45.0,44.0,44.0,43.0,42.0,41.0,39.0,39.0,,35.0,34.0,34.0,33.0,33.0,33.0,32.0
2017/04/19,32.0,32.0,32.0,32.0,31.0,31.0,31.0,31.0,31.0,30.0,29.0,28.0,28.0,28.0,28.0,31.0,32.0,35.0,36.0,,38.0,38.0,39.0,40.0,40.0,41.0,41.0,42.0,43.0,43.0,43.0,43.0,43.0,43.0,43.0,43.0,41.0,,40.0,40.0,38.0,38.0,36.0,36.0,36.0,,36.0,34.0
2017/04/20,33.0,33.0,33.0,32.0,32.0,32.0,31.0,31.0,30.0,30.0,30.0,30.0,30.0,30.0,30.0,32.0,33.0,33.0,34.0,34.0,36.0,36.0,38.0,39.0,,,42.0,42.0,43.0,44.0,44.0,44.0,43.0,43.0,43.0,42.0,42.0,,40.0,40.0,39.0,38.0,38.0,38.0,38.0,36.0,,35.0
2017/04/21,35.0,34.0,33.0,33.0,32.0,31.0,31.0,31.0,30.0,,30.0,29.0,29.0,29.0,29.0,,30.0,30.0,31.0,32.0,33.0,34.0,35.0,37.0,,37.0,,39.0,41.0,41.0,,42.0,43.0,42.0,42.0,42.0,41.0,40.0,,38.0,37.0,35.0,36.0,36.0,34.0,34.0,34.0,34.0
2017/04/22,34.0,34.0,33.0,33.0,32.0,32.0,32.0,31.0,31.0,30.0,30.0,30.0,,32.0,32.0,,31.0,32.0,32.0,,33.0,33.0,34.0,35.0,,37.0,38.0,38.0,39.0,40.0,41.0,,41.0,40.0,35.0,34.0,33.0,33.0,33.0,32.0,,32.0,,32.0,32.0,32.0,31.0,30.0
2017/04/23,30.0,30.0,29.0,28.0,28.0,27.0,27.0,26.0,26.0,26.0,26.0,26.0,26.0,26.0,27.0,28.0,29.0,30.0,31.0,32.0,33.0,35.0,36.0,37.0,38.0,39.0,40.0,41.0,41.0,40.0,41.0,41.0,41.0,41.0,40.0,39.0,38.0,,35.0,,35.0,35.0,35.0,35.0,34.0,34.0,34.0,33.0
2017/04/24,33.0,32.0,32.0,32.0,30.0,29.0,28.0,28.0,27.0,27.0,27.0,26.0,26.0,26.0,26.0,27.0,28.0,32.0,29.0,31.0,32.0,32.0,35.0,36.0,36.0,37.0,,37.0,37.0,37.0,,38.0,37.0,,37.0,37.0,36.0,36.0,35.0,35.0,34.0,33.0,,,33.0,32.0,32.0,32.0
2017/04/25,31.0,31.0,30.0,,29.0,29.0,,,28.0,27.0,26.0,25.0,24.0,24.0,25.0,26.0,27.0,28.0,29.0,31.0,31.0,33.0,,36.0,37.0,37.0,37.0,38.0,39.0,38.0,39.0,39.0,,39.0,38.0,37.0,37.0,37.0,,37.0,36.0,36.0,36.0,32.0,29.0,29.0,29.0,29.0
2017/04/26,29.0,,28.0,,27.0,28.0,28.0,27.0,27.0,28.0,26.0,24.0,24.0,23.0,,,,28.0,29.0,31.0,32.0,34.0,,35.0,36.0,37.0,37.0,38.0,38.0,39.0,40.0,39.0,38.0,,38.0,38.0,35.0,34.0,34.0,33.0,33.0,32.0,32.0,31.0,31.0,31.0,,31.0
2017/04/27,31.0,30.0,29.0,,28.0,28.0,28.0,28.0,,27.0,,26.0,26.0,28.0,28.0,28.0,30.0,30.0,31.0,31.0,32.0,34.0,35.0,36.0,36.0,37.0,38.0,38.0,,38.0,,38.0,38.0,37.0,37.0,37.0,37.0,37.0,35.0,33.0,33.0,33.0,33.0,,31.0,31.0,31.0,31.0
2017/04/28,31.0,31.0,31.0,30.0,30.0,30.0,30.0,30.0,28.0,28.0,28.0,27.0,27.0,26.0,27.0,,,31.0,32.0,32.0,,34.0,35.0,35.0,35.0,37.0,37.0,38.0,38.0,38.0,39.0,39.0,39.0,35.0,35.0,35.0,35.0,35.0,34.0,34.0,32.0,32.0,31.0,31.0,30.0,30.0,,30.0
2017/04/29,30.0,30.0,29.0,,29.0,29.0,,27.0,26.0,25.0,,25.0,26.0,27.0,27.0,28.0,30.0,31.0,32.0,32.0,35.0,35.0,35.0,36.0,36.0,37.0,38.0,38.0,38.0,39.0,39.0,39.0,37.0,33.0,33.0,34.0,35.0,35.0,34.0,33.0,32.0,32.0,31.0,,30.0,30.0,30.0,30.0
2017/04/30,30.0,29.0,29.0,,28.0,28.0,28.0,27.0,26.0,,24.0,23.0,24.0,24.0,24.0,25.0,26.0,27.0,28.0,29.0,31.0,32.0,33.0,34.0,34.0,35.0,36.0,36.0,38.0,38.0,38.0,38.0,38.0,38.0,38.0,37.0,36.0,36.0,35.0,33.0,33.0,32.0,32.0,33.0,32.0,31.0,30.0,30.0
2017/05/01,30.0,30.0,29.0,28.0,28.0,27.0,27.0,27.0,26.0,26.0,25.0,25.0,25.0,26.0,26.0,28.0,29.0,31.0,32.0,34.0,34.0,35.0,35.0,36.0,36.0,36.0,37.0,37.0,37.0,37.0,37.0,,37.0,37.0,38.0,37.0,36.0,36.0,35.0,34.0,33.0,32.0,,31.0,31.0,31.0,31.0,30.0
2017/05/02,,28.0,,28.0,27.0,27.0,27.0,27.0,27.0,27.0,26.0,26.0,26.0,26.0,27.0,,31.0,32.0,34.0,35.0,36.0,36.0,37.0,37.0,38.0,38.0,38.0,38.0,39.0,40.0,40.0,40.0,,40.0,40.0,40.0,39.0,38.0,37.0,37.0,35.0,34.0,34.0,33.0,,32.0,31.0,30.0
2017/05/03,30.0,30.0,30.0,30.0,30.0,30.0,30.0,28.0,28.0,28.0,28.0,28.0,28.0,29.0,29.0,29.0,31.0,31.0,,,34.0,,34.0,34.0,34.0,35.0,39.0,39.0,41.0,41.0,41.0,39.0,37.0,,36.0,37.0,37.0,35.0,34.0,33.0,32.0,32.0,32.0,32.0,31.0,31.0,30.0,30.0
2017/05/04,29.0,25.0,25.0,25.0,26.0,27.0,27.0,28.0,29.0,,27.0,27.0,27.0,27.0,27.0,28.0,,30.0,30.0,,32.0,33.0,34.0,35.0,36.0,37.0,37.0,38.0,38.0,38.0,38.0,38.0,38.0,38.0,38.0,38.0,,37.0,37.0,35.0,35.0,34.0,,,,34.0,33.0,33.0
2017/05/05,32.0,32.0,31.0,31.0,31.0,30.0,,,,28.0,26.0,26.0,25.0,24.0,25.0,27.0,28.0,30.0,,33.0,34.0,,,36.0,37.0,38.0,39.0,,,40.0,40.0,,40.0,40.0,39.0,39.0,39.0,38.0,37.0,36.0,,36.0,36.0,35.0,,34.0,33.0,32.0
2017/05/06,32.0,32.0,31.0,,30.0,30.0,30.0,29.0,29.0,29.0,29.0,28.0,28.0,28.0,30.0,32.0,32.0,33.0,33.0,34.0,35.0,38.0,38.0,38.0,40.0,40.0,40.0,41.0,41.0,42.0,42.0,43.0,43.0,43.0,43.0,42.0,41.0,41.0,40.0,39.0,38.0,37.0,36.0,35.0,35.0,34.0,34.0,33.0
2017/05/07,32.0,32.0,30.0,,,28.0,27.0,27.0,,27.0,27.0,26.0,26.0,26.0,28.0,29.0,31.0,33.0,34.0,36.0,37.0,39.0,40.0,40.0,41.0,42.0,42.0,43.0,43.0,43.0,44.0,44.0,,,44.0,44.0,43.0,42.0,41.0,41.0,40.0,39.0,39.0,38.0,37.0,37.0,36.0,35.0
2017/05/08,34.0,34.0,33.0,32.0,32.0,32.0,32.0,,32.0,32.0,31.0,31.0,31.0,31.0,31.0,32.0,33.0,34.0,34.0,36.0,37.0,37.0,38.0,39.0,40.0,,41.0,41.0,42.0,42.0,42.0,42.0,43.0,44.0,44.0,42.0,42.0,41.0,40.0,39.0,36.0,36.0,36.0,,36.0,35.0,35.0,35.0
2017/05/09,,34.0,34.0,33.0,33.0,32.0,32.0,32.0,32.0,31.0,29.0,28.0,28.0,29.0,,,31.0,31.0,32.0,34.0,36.0,36.0,38.0,39.0,40.0,41.0,,41.0,42.0,42.0,44.0,44.0,42.0,41.0,41.0,41.0,40.0,39.0,38.0,38.0,37.0,36.0,36.0,35.0,34.0,34.0,34.0,34.0
2017/05/10,33.0,33.0,32.0,32.0,31.0,31.0,31.0,30.0,30.0,30.0,30.0,29.0,29.0,29.0,29.0,29.0,30.0,30.0,,32.0,,34.0,35.0,35.0,36.0,37.0,,37.0,38.0,38.0,39.0,39.0,39.0,,39.0,39.0,39.0,38.0,38.0,34.0,31.0,30.0,30.0,30.0,29.0,29.0,30.0,30.0
2017/05/11,31.0,,31.0,31.0,31.0,31.0,31.0,31.0,30.0,29.0,28.0,28.0,28.0,29.0,29.0,29.0,29.0,31.0,,33.0,35.0,35.0,37.0,38.0,39.0,39.0,40.0,40.0,41.0,42.0,42.0,43.0,43.0,43.0,43.0,41.0,42.0,41.0,,40.0,40.0,39.0,,37.0,36.0,35.0,34.0,34.0
2017/05/12,33.0,32.0,33.0,33.0,32.0,32.0,32.0,32.0,32.0,32.0,32.0,31.0,31.0,,,32.0,32.0,33.0,33.0,34.0,36.0,36.0,37.0,38.0,39.0,41.0,41.0,42.0,,42.0,,,42.0,42.0,42.0,40.0,38.0,37.0,36.0,36.0,35.0,35.0,34.0,34.0,34.0,34.0,34.0,34.0
2017/05/13,33.0,33.0,32.0,32.0,32.0,31.0,31.0,31.0,31.0,31.0,30.0,29.0,29.0,29.0,30.0,31.0,32.0,33.0,35.0,36.0,,39.0,40.0,41.0,42.0,42.0,42.0,42.0,42.0,42.0,44.0,44.0,44.0,43.0,42.0,42.0,42.0,41.0,,,38.0,38.0,38.0,38.0,37.0,,37.0,37.0
2017/05/14,36.0,36.0,36.0,35.0,34.0,34.0,,31.0,30.0,30.0,29.0,30.0,30.0,30.0,32.0,32.0,33.0,34.0,36.0,37.0,39.0,40.0,40.0,42.0,42.0,43.0,43.0,43.0,43.0,44.0,44.0,44.0,44.0,44.0,,42.0,43.0,42.0,41.0,40.0,39.0,38.0,38.0,38.0,36.0,35.0,35.0,34.0
2017/05/15,,34.0,34.0,33.0,33.0,32.0,32.0,32.0,30.0,30.0,30.0,29.0,30.0,31.0,33.0,33.0,,36.0,36.0,37.0,39.0,41.0,41.0,42.0,,43.0,43.0,43.0,,45.0,46.0,46.0,,46.0,46.0,45.0,45.0,43.0,43.0,42.0,38.0,37.0,,,,35.0,35.0,35.0
2017/05/16,,33.0,33.0,,,33.0,33.0,33.0,31.0,31.0,31.0,30.0,29.0,31.0,31.0,32.0,32.0,33.0,33.0,34.0,35.0,37.0,37.0,38.0,39.0,40.0,41.0,42.0,42.0,42.0,,43.0,43.0,43.0,42.0,42.0,42.0,41.0,39.0,39.0,38.0,38.0,37.0,36.0,36.0,35.0,35.0,35.0
2017/05/17,31.0,30.0,29.0,30.0,,32.0,32.0,32.0,30.0,29.0,29.0,28.0,28.0,29.0,29.0,28.0,29.0,29.0,29.0,29.0,29.0,33.0,33.0,33.0,33.0,35.0,35.0,35.0,36.0,36.0,36.0,36.0,38.0,38.0,38.0,37.0,37.0,36.0,,35.0,35.0,34.0,34.0,33.0,33.0,33.0,32.0,32.0
2017/05/18,32.0,32.0,32.0,32.0,31.0,30.0,30.0,30.0,30.0,29.0,30.0,30.0,30.0,30.0,30.0,31.0,32.0,33.0,33.0,34.0,34.0,35.0,37.0,38.0,38.0,38.0,38.0,38.0,40.0,40.0,40.0,40.0,40.0,40.0,,39.0,38.0,37.0,37.0,,36.0,35.0,35.0,34.0,34.0,34.0,33.0,33.0
2017/05/19,,32.0,,32.0,32.0,32.0,32.0,,31.0,30.0,30.0,29.0,30.0,,30.0,32.0,31.0,29.0,29.0,33.0,35.0,36.0,,38.0,38.0,,,40.0,42.0,41.0,43.0,,35.0,34.0,34.0,33.0,33.0,32.0,32.0,31.0,,31.0,31.0,31.0,32.0,32.0,30.0,30.0
2017/05/20,30.0,30.0,30.0,30.0,30.0,30.0,30.0,30.0,30.0,31.0,30.0,30.0,30.0,32.0,32.0,33.0,34.0,35.0,35.0,35.0,35.0,35.0,34.0,35.0,36.0,36.0,37.0,36.0,37.0,37.0,38.0,39.0,39.0,39.0,40.0,40.0,39.0,38.0,38.0,37.0,36.0,36.0,34.0,34.0,34.0,34.0,34.0,33.0
2017/05/21,33.0,33.0,32.0,32.0,31.0,31.0,31.0,30.0,30.0,29.0,29.0,29.0,29.0,29.0,30.0,31.0,31.0,31.0,32.0,34.0,34.0,35.0,36.0,36.0,37.0,,38.0,,39.0,39.0,39.0,39.0,39.0,38.0,35.0,32.0,28.0,26.0,26.0,27.0,28.0,28.0,28.0,27.0,27.0,27.0,27.0,27.0
2017/05/22,27.0,27.0,27.0,27.0,27.0,27.0,27.0,27.0,26.0,26.0,27.0,28.0,28.0,28.0,28.0,28.0,28.0,27.0,28.0,28.0,28.0,28.0,30.0,31.0,30.0,29.0,29.0,29.0,,29.0,29.0,29.0,29.0,29.0,29.0,29.0,29.0,30.0,30.0,29.0,29.0,28.0,,27.0,26.0,26.0,26.0,26.0
2017/05/23,26.0,,26.0,26.0,26.0,26.0,26.0,26.0,25.0,25.0,25.0,24.0,24.0,24.0,,28.0,30.0,32.0,34.0,34.0,34.0,36.0,36.0,37.0,38.0,38.0,39.0,40.0,40.0,39.0,39.0,40.0,40.0,,,39.0,39.0,,37.0,37.0,37.0,35.0,35.0,35.0,34.0,34.0,,33.0
2017/05/24,33.0,,32.0,31.0,31.0,31.0,30.0,,30.0,30.0,30.0,30.0,30.0,30.0,31.0,31.0,33.0,34.0,35.0,36.0,37.0,37.0,39.0,39.0,40.0,40.0,,41.0,41.0,41.0,41.0,41.0,41.0,,41.0,41.0,40.0,39.0,39.0,38.0,,36.0,36.0,,,35.0,34.0,34.0
2017/05/25,34.0,33.0,33.0,32.0,32.0,32.0,31.0,31.0,31.0,31.0,,30.0,30.0,30.0,31.0,,32.0,33.0,35.0,36.0,37.0,36.0,39.0,39.0,40.0,,41.0,,41.0,41.0,41.0,41.0,41.0,41.0,41.0,41.0,41.0,41.0,,39.0,39.0,36.0,37.0,37.0,36.0,36.0,36.0,36.0
2017/05/26,36.0,,35.0,35.0,35.0,34.0,,33.0,32.0,,32.0,31.0,,32.0,33.0,34.0,35.0,37.0,,38.0,39.0,,41.0,41.0,41.0,42.0,43.0,43.0,44.0,45.0,45.0,45.0,45.0,45.0,45.0,44.0,,43.0,43.0,42.0,40.0,39.0,39.0,35.0,34.0,33.0,33.0,33.0
2017/05/27,32.0,32.0,32.0,,31.0,31.0,31.0,31.0,31.0,31.0,31.0,30.0,29.0,30.0,30.0,31.0,32.0,32.0,33.0,33.0,34.0,34.0,36.0,37.0,38.0,38.0,39.0,39.0,40.0,40.0,41.0,41.0,,40.0,40.0,39.0,39.0,38.0,37.0,37.0,36.0,35.0,34.0,34.0,34.0,32.0,32.0,31.0
2017/05/28,31.0,31.0,30.0,30.0,30.0,30.0,30.0,29.0,29.0,29.0,,28.0,27.0,26.0,26.0,26.0,25.0,27.0,28.0,29.0,31.0,33.0,33.0,33.0,34.0,35.0,35.0,37.0,37.0,37.0,37.0,37.0,36.0,36.0,,35.0,,34.0,33.0,33.0,32.0,32.0,,32.0,32.0,32.0,31.0,31.0
2017/05/29,31.0,31.0,30.0,29.0,29.0,29.0,28.0,28.0,28.0,29.0,27.0,24.0,24.0,23.0,24.0,24.0,24.0,24.0,24.0,26.0,27.0,28.0,29.0,29.0,30.0,31.0,32.0,,32.0,32.0,32.0,33.0,33.0,33.0,33.0,33.0,,32.0,31.0,31.0,30.0,30.0,,29.0,29.0,29.0,28.0,27.0
2017/05/30,27.0,27.0,27.0,27.0,27.0,27.0,27.0,27.0,,27.0,26.0,26.0,26.0,,28.0,28.0,,30.0,31.0,,32.0,33.0,34.0,34.0,35.0,35.0,,35.0,36.0,36.0,36.0,37.0,,38.0,37.0,36.0,,,35.0,,34.0,33.0,33.0,32.0,32.0,31.0,31.0,31.0
2017/05/31,30.0,30.0,30.0,30.0,,29.0,29.0,28.0,28.0,28.0,28.0,27.0,,28.0,28.0,29.0,30.0,31.0,31.0,33.0,34.0,34.0,33.0,33.0,27.0,25.0,25.0,25.0,26.0,27.0,28.0,29.0,29.0,30.0,30.0,30.0,30.0,30.0,29.0,29.0,29.0,28.0,28.0,28.0,,28.0,28.0,28.0
2017/06/01,28.0,27.0,27.0,27.0,27.0,27.0,27.0,27.0,27.0,27.0,27.0,27.0,27.0,27.0,28.0,29.0,,31.0,,33.0,34.0,35.0,,36.0,36.0,36.0,36.0,37.0,38.0,37.0,37.0,37.0,38.0,37.0,37.0,37.0,,37.0,36.0,36.0,34.0,34.0,,,33.0,32.0,32.0,32.0
2017/06/02,31.0,30.0,30.0,30.0,29.0,28.0,28.0,,,27.0,27.0,27.0,27.0,27.0,28.0,29.0,31.0,31.0,32.0,34.0,34.0,35.0,36.0,37.0,38.0,39.0,40.0,40.0,40.0,40.0,41.0,,41.0,,,41.0,41.0,,38.0,,38.0,38.0,38.0,38.0,36.0,36.0,35.0,35.0
2017/06/03,34.0,34.0,34.0,,33.0,33.0,,32.0,32.0,32.0,31.0,31.0,31.0,32.0,33.0,34.0,34.0,36.0,36.0,36.0,38.0,,39.0,40.0,41.0,41.0,41.0,42.0,42.0,43.0,44.0,44.0,44.0,44.0,43.0,43.0,43.0,43.0,42.0,,42.0,40.0,39.0,38.0,38.0,38.0,37.0,37.0
2017/06/04,,36.0,36.0,35.0,35.0,34.0,33.0,33.0,33.0,33.0,33.0,32.0,32.0,33.0,33.0,33.0,35.0,36.0,38.0,40.0,41.0,42.0,42.0,43.0,43.0,44.0,44.0,,46.0,47.0,48.0,,48.0,48.0,48.0,47.0,47.0,46.0,45.0,44.0,44.0,43.0,42.0,42.0,40.0,38.0,38.0,38.0
2017/06/05,38.0,37.0,,37.0,36.0,35.0,35.0,35.0,35.0,35.0,35.0,35.0,35.0,36.0,37.0,37.0,38.0,39.0,39.0,,41.0,41.0,42.0,42.0,43.0,44.0,44.0,45.0,45.0,45.0,46.0,46.0,,,45.0,45.0,,44.0,43.0,43.0,43.0,41.0,40.0,40.0,39.0,39.0,39.0,38.0
2017/06/06,37.0,37.0,,36.0,36.0,36.0,36.0,35.0,35.0,35.0,34.0,34.0,,34.0,34.0,35.0,36.0,37.0,38.0,38.0,39.0,39.0,,40.0,40.0,41.0,41.0,42.0,43.0,44.0,44.0,44.0,44.0,43.0,43.0,43.0,42.0,,41.0,40.0,40.0,38.0,36.0,35.0,34.0,,32.0,32.0
2017/06/07,31.0,31.0,31.0,31.0,30.0,30.0,30.0,30.0,29.0,29.0,29.0,29.0,29.0,27.0,27.0,27.0,29.0,29.0,30.0,28.0,28.0,28.0,28.0,28.0,31.0,32.0,33.0,,35.0,36.0,36.0,36.0,37.0,37.0,37.0,36.0,36.0,36.0,35.0,35.0,34.0,32.0,33.0,32.0,,,31.0,31.0
2017/06/08,,31.0,30.0,,30.0,30.0,30.0,30.0,30.0,30.0,29.0,29.0,29.0,29.0,,31.0,31.0,31.0,28.0,28.0,28.0,29.0,30.0,31.0,32.0,35.0,37.0,38.0,38.0,35.0,34.0,33.0,34.0,34.0,33.0,33.0,33.0,33.0,32.0,32.0,31.0,31.0,31.0,31.0,31.0,31.0,31.0,30.0
2017/06/09,,30.0,30.0,30.0,30.0,29.0,29.0,29.0,29.0,29.0,29.0,29.0,29.0,30.0,30.0,30.0,30.0,31.0,33.0,33.0,34.0,35.0,35.0,36.0,36.0,37.0,37.0,37.0,38.0,38.0,38.0,39.0,38.0,37.0,37.0,36.0,36.0,36.0,35.0,34.0,34.0,33.0,33.0,32.0,,31.0,31.0,31.0
2017/06/10,31.0,31.0,31.0,31.0,31.0,31.0,30.0,30.0,30.0,30.0,30.0,30.0,,31.0,32.0,32.0,33.0,34.0,35.0,35.0,37.0,38.0,38.0,38.0,39.0,39.0,39.0,39.0,39.0,39.0,40.0,39.0,39.0,39.0,35.0,33.0,33.0,33.0,33.0,32.0,32.0,32.0,32.0,,33.0,32.0,31.0,31.0
2017/06/11,31.0,31.0,29.0,27.0,26.0,26.0,26.0,26.0,26.0,26.0,26.0,26.0,26.0,27.0,28.0,29.0,30.0,30.0,32.0,32.0,33.0,34.0,34.0,35.0,36.0,36.0,36.0,37.0,,38.0,38.0,,38.0,37.0,36.0,37.0,36.0,,35.0,35.0,34.0,34.0,34.0,32.0,32.0,32.0,32.0,32.0
2017/06/12,32.0,31.0,31.0,30.0,30.0,30.0,30.0,30.0,,28.0,28.0,26.0,26.0,28.0,30.0,30.0,33.0,33.0,34.0,35.0,36.0,,37.0,38.0,,39.0,39.0,40.0,40.0,41.0,41.0,42.0,42.0,42.0,41.0,41.0,41.0,40.0,40.0,39.0,39.0,38.0,37.0,37.0,37.0,,37.0,35.0
2017/06/13,34.0,34.0,34.0,33.0,33.0,33.0,33.0,,32.0,32.0,29.0,29.0,28.0,28.0,31.0,,34.0,35.0,35.0,35.0,35.0,,38.0,39.0,39.0,41.0,42.0,42.0,42.0,42.0,42.0,43.0,43.0,43.0,,41.0,42.0,41.0,40.0,40.0,38.0,38.0,37.0,37.0,37.0,37.0,36.0,34.0
2017/06/14,34.0,,33.0,33.0,33.0,32.0,32.0,32.0,32.0,32.0,32.0,31.0,31.0,31.0,32.0,33.0,34.0,35.0,37.0,38.0,38.0,,,41.0,,42.0,42.0,42.0,41.0,41.0,38.0,36.0,36.0,34.0,34.0,34.0,34.0,,33.0,34.0,30.0,30.0,30.0,30.0,31.0,31.0,31.0,31.0
2017/06/15,31.0,31.0,30.0,30.0,30.0,30.0,,29.0,,29.0,29.0,29.0,29.0,30.0,30.0,31.0,32.0,33.0,,35.0,35.0,37.0,37.0,38.0,,39.0,39.0,39.0,,40.0,40.0,41.0,41.0,41.0,40.0,40.0,40.0,39.0,38.0,37.0,37.0,36.0,36.0,35.0,35.0,34.0,34.0,32.0
2017/06/16,34.0,33.0,,,32.0,32.0,23.0,,23.0,23.0,23.0,23.0,23.0,23.0,23.0,24.0,24.0,24.0,24.0,24.0,24.0,24.0,26.0,25.0,25.0,27.0,,29.0,32.0,33.0,34.0,34.0,34.0,34.0,34.0,34.0,34.0,33.0,32.0,32.0,31.0,30.0,31.0,31.0,30.0,30.0,30.0,30.0
2017/06/17,30.0,29.0,29.0,29.0,29.0,29.0,29.0,28.0,28.0,28.0,28.0,27.0,26.0,26.0,26.0,,27.0,27.0,28.0,29.0,29.0,30.0,31.0,31.0,30.0,29.0,29.0,29.0,29.0,29.0,29.0,29.0,29.0,29.0,29.0,29.0,29.0,29.0,29.0,29.0,29.0,28.0,28.0,28.0,28.0,28.0,28.0,28.0
2017/06/18,28.0,28.0,27.0,,27.0,27.0,,27.0,,26.0,26.0,26.0,26.0,26.0,27.0,27.0,28.0,28.0,28.0,29.0,30.0,31.0,32.0,32.0,32.0,33.0,34.0,34.0,35.0,35.0,35.0,35.0,36.0,36.0,36.0,33.0,34.0,34.0,,34.0,34.0,34.0,34.0,34.0,34.0,,34.0,33.0
2017/06/19,,,33.0,33.0,,32.0,32.0,30.0,30.0,28.0,29.0,27.0,27.0,26.0,26.0,26.0,26.0,27.0,28.0,27.0,27.0,27.0,28.0,30.0,32.0,34.0,35.0,35.0,35.0,36.0,36.0,,37.0,37.0,37.0,37.0,36.0,36.0,35.0,35.0,34.0,32.0,31.0,31.0,31.0,31.0,28.0,26.0
2017/06/20,24.0,24.0,24.0,24.0,25.0,25.0,25.0,26.0,26.0,25.0,25.0,25.0,24.0,24.0,25.0,25.0,25.0,25.0,24.0,24.0,24.0,25.0,25.0,26.0,27.0,28.0,30.0,31.0,31.0,31.0,31.0,,,,,33.0,32.0,32.0,31.0,31.0,31.0,30.0,,30.0,29.0,28.0,28.0,28.0
2017/06/21,28.0,28.0,28.0,28.0,28.0,28.0,28.0,27.0,25.0,25.0,25.0,25.0,25.0,25.0,25.0,25.0,26.0,26.0,28.0,29.0,30.0,31.0,31.0,32.0,33.0,31.0,26.0,26.0,27.0,29.0,30.0,31.0,30.0,30.0,31.0,31.0,31.0,31.0,31.0,31.0,30.0,30.0,30.0,30.0,30.0,30.0,30.0,28.0
2017/06/22,29.0,,,28.0,28.0,28.0,28.0,,28.0,27.0,27.0,27.0,27.0,27.0,29.0,29.0,30.0,30.0,30.0,30.0,,32.0,33.0,31.0,32.0,32.0,32.0,32.0,33.0,33.0,33.0,33.0,,33.0,33.0,33.0,33.0,32.0,32.0,32.0,31.0,31.0,31.0,31.0,31.0,31.0,30.0,30.0
2017/06/23,,30.0,,29.0,29.0,29.0,28.0,28.0,,28.0,28.0,28.0,28.0,,28.0,28.0,30.0,31.0,31.0,32.0,32.0,32.0,32.0,32.0,,35.0,35.0,35.0,,36.0,36.0,36.0,36.0,36.0,36.0,36.0,35.0,35.0,34.0,34.0,34.0,34.0,33.0,33.0,33.0,33.0,33.0,32.0
2017/06/24,,31.0,31.0,31.0,,31.0,30.0,30.0,30.0,30.0,29.0,28.0,28.0,29.0,30.0,,33.0,33.0,33.0,,34.0,34.0,35.0,35.0,36.0,,36.0,,,38.0,38.0,38.0,38.0,38.0,,37.0,37.0,37.0,36.0,36.0,34.0,34.0,34.0,34.0,34.0,34.0,33.0,33.0
2017/06/25,33.0,32.0,32.0,32.0,32.0,32.0,32.0,31.0,31.0,31.0,31.0,30.0,31.0,31.0,32.0,32.0,33.0,33.0,,36.0,36.0,37.0,,38.0,,39.0,39.0,,40.0,40.0,40.0,40.0,40.0,40.0,39.0,39.0,,39.0,38.0,37.0,37.0,36.0,35.0,34.0,34.0,34.0,34.0,33.0
2017/06/26,34.0,33.0,,33.0,33.0,32.0,32.0,32.0,,,,31.0,31.0,31.0,31.0,32.0,33.0,33.0,33.0,,34.0,,35.0,35.0,,35.0,,37.0,38.0,38.0,38.0,38.0,38.0,38.0,38.0,37.0,38.0,37.0,36.0,36.0,36.0,,,35.0,35.0,35.0,34.0,34.0
2017/06/27,34.0,,,,33.0,32.0,32.0,,32.0,32.0,32.0,31.0,32.0,32.0,,33.0,33.0,34.0,35.0,35.0,35.0,35.0,36.0,37.0,37.0,37.0,38.0,38.0,,40.0,40.0,39.0,39.0,39.0,37.0,36.0,36.0,36.0,36.0,36.0,36.0,35.0,35.0,35.0,34.0,34.0,34.0,34.0
2017/06/28,34.0,33.0,33.0,33.0,33.0,33.0,,32.0,30.0,29.0,28.0,28.0,28.0,28.0,28.0,29.0,,29.0,29.0,29.0,29.0,30.0,,31.0,31.0,33.0,34.0,34.0,,27.0,26.0,27.0,27.0,28.0,29.0,28.0,,,28.0,28.0,27.0,27.0,27.0,26.0,26.0,26.0,26.0,26.0
2017/06/29,,,25.0,25.0,25.0,25.0,25.0,,,,25.0,26.0,26.0,27.0,27.0,27.0,27.0,27.0,,28.0,28.0,28.0,29.0,29.0,29.0,29.0,28.0,28.0,28.0,28.0,28.0,29.0,30.0,30.0,30.0,30.0,30.0,,30.0,29.0,29.0,29.0,29.0,29.0,29.0,29.0,,28.0
2017/06/30,,28.0,28.0,,,28.0,28.0,28.0,,28.0,,28.0,,,,27.0,28.0,28.0,29.0,29.0,30.0,31.0,31.0,29.0,27.0,27.0,26.0,26.0,26.0,27.0,27.0,27.0,27.0,,27.0,27.0,27.0,27.0,27.0,27.0,27.0,27.0,27.0,27.0,27.0,27.0,27.0,27.0
2017/07/01,,,,27.0,27.0,26.0,27.0,,27.0,27.0,27.0,27.0,27.0,,,30.0,30.0,29.0,31.0,31.0,,32.0,32.0,33.0,33.0,33.0,33.0,33.0,33.0,33.0,32.0,35.0,33.0,33.0,28.0,28.0,28.0,28.0,,28.0,28.0,28.0,,28.0,28.0,28.0,28.0,28.0
2017/07/02,28.0,,,,28.0,28.0,,28.0,,,28.0,28.0,28.0,28.0,27.0,27.0,,27.0,26.0,27.0,26.0,26.0,26.0,26.0,,,,,,29.0,,30.0,,,30.0,30.0,,30.0,29.0,29.0,29.0,29.0,29.0,29.0,29.0,28.0,28.0,28.0
2017/07/03,28.0,28.0,28.0,,,28.0,28.0,28.0,28.0,28.0,,28.0,28.0,28.0,28.0,29.0,,30.0,31.0,31.0,32.0,32.0,33.0,33.0,34.0,34.0,,35.0,35.0,35.0,35.0,,35.0,35.0,35.0,34.0,35.0,34.0,34.0,33.0,,33.0,,33.0,33.0,33.0,31.0,31.0
2017/07/04,,,,,,31.0,,,,29.0,29.0,28.0,28.0,28.0,,29.0,29.0,30.0,31.0,31.0,31.0,32.0,33.0,33.0,33.0,34.0,34.0,35.0,,36.0,36.0,36.0,36.0,36.0,36.0,36.0,36.0,36.0,,35.0,35.0,34.0,35.0,35.0,34.0,33.0,33.0,32.0
2017/07/05,32.0,,,31.0,,31.0,31.0,,30.0,30.0,,30.0,30.0,30.0,,,,31.0,,31.0,31.0,32.0,32.0,33.0,33.0,33.0,33.0,34.0,33.0,34.0,,34.0,34.0,34.0,34.0,34.0,34.0,,,34.0,34.0,33.0,33.0,,33.0,33.0,33.0,32.0
2017/07/06,32.0,32.0,31.0,31.0,31.0,30.0,30.0,29.0,,,,28.0,27.0,,28.0,,29.0,29.0,30.0,,,31.0,32.0,32.0,,,34.0,35.0,,34.0,,35.0,35.0,35.0,35.0,35.0,34.0,,,32.0,26.0,26.0,26.0,26.0,26.0,27.0,27.0,27.0
2017/07/07,27.0,27.0,28.0,28.0,27.0,27.0,27.0,,,26.0,,26.0,,,28.0,28.0,28.0,29.0,,,,33.0,33.0,34.0,,34.0,,,,35.0,35.0,35.0,36.0,,35.0,34.0,32.0,31.0,31.0,30.0,30.0,30.0,30.0,30.0,30.0,30.0,30.0,30.0
2017/07/08,,,,30.0,30.0,30.0,30.0,29.0,29.0,29.0,29.0,29.0,29.0,29.0,29.0,29.0,30.0,31.0,32.0,32.0,33.0,33.0,,34.0,35.0,35.0,36.0,36.0,36.0,36.0,36.0,36.0,36.0,36.0,36.0,35.0,35.0,,,,35.0,35.0,35.0,35.0,35.0,,34.0,34.0
2017/07/09,34.0,34.0,34.0,,33.0,32.0,,,,32.0,,32.0,,,,32.0,32.0,32.0,32.0,34.0,,34.0,35.0,35.0,35.0,36.0,,36.0,36.0,36.0,36.0,39.0,39.0,39.0,,38.0,38.0,38.0,38.0,,37.0,37.0,,,36.0,,,34.0
2017/07/10,34.0,34.0,33.0,,33.0,32.0,,32.0,32.0,,,31.0,,31.0,,31.0,32.0,33.0,33.0,,34.0,35.0,,35.0,36.0,,37.0,37.0,37.0,38.0,38.0,38.0,38.0,38.0,38.0,38.0,38.0,38.0,37.0,37.0,37.0,36.0,36.0,36.0,,33.0,33.0,31.0
2017/07/11,31.0,30.0,30.0,30.0,30.0,29.0,29.0,,,29.0,29.0,29.0,,29.0,29.0,30.0,,30.0,32.0,32.0,32.0,34.0,34.0,35.0,,,,,36.0,36.0,33.0,30.0,30.0,27.0,27.0,28.0,27.0,27.0,28.0,28.0,28.0,28.0,28.0,28.0,29.0,29.0,29.0,29.0
2017/07/12,,,,29.0,,27.0,27.0,27.0,,26.0,,26.0,26.0,,,27.0,28.0,28.0,28.0,28.0,28.0,28.0,29.0,30.0,,,31.0,31.0,,32.0,32.0,,32.0,,,32.0,,32.0,,30.0,30.0,30.0,,,30.0,29.0,29.0,29.0
2017/07/13,28.0,28.0,,,28.0,28.0,28.0,,28.0,,,28.0,28.0,,,,30.0,31.0,31.0,31.0,31.0,31.0,31.0,32.0,33.0,33.0,33.0,33.0,,34.0,,34.0,34.0,,34.0,34.0,,,,33.0,32.0,31.0,31.0,30.0,30.0,30.0,30.0,30.0
2017/07/14,30.0,,,30.0,30.0,29.0,,29.0,,,,29.0,29.0,,29.0,,,30.0,,32.0,,,,33.0,33.0,33.0,33.0,33.0,35.0,35.0,34.0,,35.0,,35.0,35.0,33.0,33.0,,,32.0,32.0,32.0,32.0,32.0,32.0,31.0,31.0
2017/07/15,,30.0,,30.0,,29.0,29.0,29.0,29.0,29.0,,30.0,29.0,29.0,30.0,30.0,30.0,30.0,29.0,28.0,30.0,32.0,33.0,34.0,34.0,34.0,35.0,35.0,,34.0,34.0,33.0,32.0,,32.0,32.0,,31.0,31.0,30.0,30.0,30.0,30.0,,30.0,30.0,,29.0
2017/07/16,29.0,29.0,,29.0,,29.0,,29.0,29.0,,29.0,29.0,29.0,29.0,29.0,,29.0,30.0,31.0,,33.0,33.0,34.0,34.0,,35.0,35.0,,,36.0,,,34.0,,34.0,33.0,33.0,33.0,32.0,33.0,32.0,32.0,32.0,32.0,31.0,31.0,31.0,31.0
2017/07/17,31.0,30.0,30.0,30.0,30.0,30.0,30.0,30.0,30.0,30.0,30.0,30.0,30.0,30.0,31.0,31.0,32.0,32.0,32.0,32.0,32.0,33.0,32.0,32.0,32.0,28.0,28.0,28.0,28.0,29.0,29.0,29.0,29.0,29.0,29.0,29.0,29.0,29.0,29.0,29.0,29.0,29.0,28.0,28.0,28.0,28.0,28.0,28.0
2017/07/18,28.0,28.0,28.0,28.0,28.0,28.0,27.0,27.0,,,,27.0,28.0,28.0,28.0,29.0,30.0,31.0,32.0,32.0,33.0,34.0,34.0,34.0,35.0,36.0,36.0,36.0,36.0,36.0,37.0,37.0,37.0,37.0,37.0,37.0,36.0,36.0,35.0,35.0,35.0,33.0,33.0,33.0,33.0,33.0,32.0,31.0
2017/07/19,31.0,,,31.0,30.0,30.0,30.0,30.0,,30.0,30.0,30.0,30.0,,31.0,32.0,32.0,34.0,34.0,35.0,35.0,,37.0,37.0,38.0,38.0,38.0,38.0,38.0,38.0,38.0,38.0,38.0,38.0,38.0,37.0,37.0,32.0,32.0,31.0,32.0,32.0,,32.0,32.0,32.0,32.0,31.0
2017/07/20,32.0,32.0,32.0,32.0,32.0,31.0,31.0,31.0,31.0,31.0,29.0,29.0,28.0,26.0,,,26.0,26.0,,26.0,26.0,26.0,27.0,28.0,28.0,29.0,30.0,30.0,,31.0,,32.0,33.0,34.0,34.0,34.0,33.0,33.0,33.0,33.0,33.0,32.0,31.0,31.0,31.0,31.0,31.0,31.0
2017/07/21,30.0,30.0,30.0,30.0,29.0,29.0,29.0,29.0,29.0,29.0,29.0,29.0,29.0,29.0,29.0,29.0,29.0,29.0,31.0,32.0,32.0,,32.0,33.0,34.0,34.0,34.0,34.0,34.0,35.0,35.0,35.0,36.0,36.0,36.0,36.0,,34.0,33.0,33.0,,32.0,32.0,32.0,32.0,31.0,31.0,31.0
2017/07/22,30.0,29.0,29.0,,29.0,28.0,28.0,28.0,28.0,28.0,28.0,28.0,,28.0,28.0,28.0,29.0,29.0,,30.0,,30.0,32.0,32.0,33.0,33.0,33.0,33.0,34.0,34.0,34.0,32.0,29.0,,29.0,29.0,29.0,,29.0,28.0,28.0,28.0,28.0,27.0,27.0,27.0,27.0,27.0
2017/07/23,,27.0,27.0,27.0,27.0,27.0,27.0,27.0,27.0,27.0,27.0,27.0,27.0,27.0,27.0,28.0,,29.0,29.0,30.0,30.0,32.0,32.0,32.0,32.0,32.0,32.0,33.0,33.0,32.0,33.0,33.0,33.0,33.0,,27.0,27.0,28.0,28.0,28.0,28.0,27.0,27.0,27.0,27.0,,28.0,28.0
2017/07/24,28.0,28.0,28.0,,27.0,27.0,27.0,27.0,27.0,27.0,27.0,27.0,27.0,27.0,27.0,28.0,28.0,28.0,29.0,29.0,30.0,31.0,29.0,29.0,29.0,31.0,32.0,33.0,33.0,30.0,31.0,31.0,31.0,,31.0,31.0,31.0,31.0,30.0,30.0,30.0,30.0,30.0,30.0,27.0,27.0,27.0,27.0
2017/07/25,27.0,27.0,27.0,27.0,27.0,27.0,27.0,27.0,27.0,27.0,27.0,27.0,27.0,27.0,27.0,27.0,27.0,28.0,29.0,29.0,30.0,30.0,31.0,31.0,31.0,31.0,31.0,,31.0,33.0,30.0,30.0,31.0,31.0,30.0,30.0,30.0,31.0,30.0,29.0,29.0,28.0,28.0,28.0,27.0,27.0,27.0,27.0
2017/07/26,27.0,27.0,27.0,27.0,27.0,27.0,27.0,27.0,27.0,27.0,27.0,27.0,27.0,28.0,28.0,28.0,30.0,30.0,30.0,30.0,31.0,31.0,,32.0,32.0,32.0,32.0,,33.0,33.0,34.0,34.0,34.0,34.0,34.0,34.0,34.0,33.0,33.0,33.0,33.0,32.0,32.0,31.0,31.0,31.0,31.0,30.0
2017/07/27,30.0,30.0,30.0,30.0,30.0,30.0,30.0,,30.0,30.0,30.0,30.0,30.0,30.0,30.0,30.0,30.0,30.0,31.0,31.0,31.0,31.0,31.0,32.0,32.0,33.0,33.0,33.0,33.0,33.0,34.0,34.0,,34.0,34.0,34.0,33.0,33.0,32.0,32.0,31.0,31.0,31.0,,31.0,31.0,31.0,31.0
2017/07/28,,30.0,,30.0,,30.0,30.0,,30.0,30.0,30.0,30.0,29.0,29.0,30.0,30.0,30.0,30.0,31.0,31.0,31.0,32.0,33.0,33.0,33.0,33.0,34.0,34.0,33.0,34.0,34.0,34.0,31.0,31.0,32.0,33.0,33.0,31.0,30.0,,27.0,27.0,28.0,28.0,28.0,28.0,28.0,28.0
2017/07/29,28.0,28.0,28.0,28.0,28.0,28.0,,28.0,28.0,28.0,28.0,28.0,28.0,28.0,28.0,28.0,29.0,29.0,29.0,30.0,31.0,31.0,31.0,32.0,32.0,32.0,33.0,33.0,34.0,34.0,34.0,,34.0,34.0,33.0,33.0,33.0,33.0,,,31.0,30.0,30.0,30.0,29.0,29.0,29.0,28.0
2017/07/30,28.0,,28.0,28.0,28.0,28.0,28.0,28.0,28.0,28.0,28.0,28.0,28.0,28.0,28.0,28.0,29.0,29.0,30.0,30.0,31.0,32.0,,32.0,33.0,33.0,33.0,33.0,,34.0,34.0,34.0,33.0,33.0,33.0,33.0,32.0,32.0,32.0,31.0,31.0,31.0,31.0,30.0,30.0,30.0,30.0,30.0
2017/07/31,30.0,30.0,29.0,29.0,29.0,29.0,,29.0,29.0,28.0,28.0,28.0,28.0,28.0,27.0,27.0,28.0,28.0,28.0,29.0,30.0,30.0,30.0,30.0,30.0,30.0,30.0,29.0,27.0,28.0,28.0,28.0,27.0,27.0,26.0,27.0,27.0,27.0,27.0,27.0,27.0,27.0,27.0,27.0,27.0,27.0,27.0,27.0
2017/08/01,27.0,27.0,27.0,27.0,27.0,27.0,27.0,27.0,27.0,27.0,27.0,27.0,27.0,27.0,27.0,27.0,27.0,27.0,27.0,27.0,27.0,27.0,27.0,27.0,27.0,28.0,29.0,29.0,30.0,30.0,30.0,30.0,29.0,29.0,29.0,28.0,29.0,29.0,29.0,28.0,28.0,27.0,27.0,27.0,27.0,27.0,27.0,27.0
2017/08/02,27.0,27.0,27.0,27.0,28.0,28.0,28.0,28.0,28.0,28.0,28.0,28.0,28.0,27.0,27.0,27.0,,27.0,29.0,29.0,29.0,29.0,30.0,30.0,31.0,31.0,30.0,30.0,,31.0,31.0,31.0,31.0,31.0,31.0,31.0,31.0,31.0,30.0,30.0,30.0,30.0,29.0,29.0,29.0,29.0,29.0,29.0
2017/08/03,29.0,,29.0,28.0,28.0,28.0,28.0,28.0,28.0,27.0,27.0,27.0,,27.0,,28.0,28.0,28.0,29.0,29.0,29.0,31.0,31.0,32.0,32.0,33.0,,34.0,33.0,33.0,34.0,34.0,34.0,34.0,34.0,33.0,33.0,,32.0,32.0,31.0,31.0,,30.0,30.0,30.0,29.0,29.0
2017/08/04,29.0,29.0,28.0,28.0,28.0,28.0,28.0,27.0,27.0,27.0,27.0,27.0,,27.0,27.0,27.0,27.0,28.0,28.0,30.0,30.0,30.0,31.0,32.0,32.0,,33.0,,34.0,34.0,34.0,34.0,34.0,,34.0,34.0,33.0,33.0,33.0,32.0,32.0,31.0,31.0,31.0,31.0,31.0,31.0,30.0
2017/08/05,30.0,30.0,30.0,30.0,30.0,29.0,29.0,29.0,29.0,29.0,28.0,28.0,27.0,,28.0,28.0,,28.0,29.0,29.0,,30.0,30.0,31.0,,33.0,34.0,34.0,35.0,35.0,35.0,34.0,34.0,,34.0,33.0,33.0,33.0,32.0,32.0,32.0,32.0,32.0,32.0,31.0,31.0,31.0,31.0
2017/08/06,31.0,31.0,31.0,31.0,31.0,31.0,31.0,31.0,31.0,,,29.0,29.0,29.0,,,30.0,30.0,31.0,32.0,33.0,33.0,34.0,35.0,35.0,35.0,,35.0,35.0,36.0,36.0,35.0,35.0,34.0,32.0,32.0,31.0,31.0,31.0,31.0,31.0,31.0,31.0,31.0,31.0,31.0,30.0,30.0
2017/08/07,30.0,30.0,30.0,,30.0,30.0,30.0,30.0,30.0,30.0,30.0,29.0,29.0,29.0,30.0,30.0,30.0,31.0,32.0,32.0,33.0,33.0,33.0,33.0,33.0,33.0,33.0,33.0,33.0,30.0,26.0,26.0,26.0,27.0,27.0,28.0,28.0,29.0,28.0,28.0,29.0,29.0,29.0,29.0,29.0,29.0,28.0,28.0
2017/08/08,28.0,28.0,28.0,28.0,28.0,28.0,28.0,28.0,28.0,28.0,,28.0,28.0,28.0,28.0,28.0,29.0,30.0,30.0,31.0,31.0,32.0,33.0,33.0,33.0,33.0,34.0,34.0,34.0,34.0,,31.0,31.0,,31.0,31.0,30.0,30.0,29.0,29.0,29.0,29.0,29.0,29.0,29.0,29.0,29.0,29.0
2017/08/09,29.0,,29.0,29.0,29.0,29.0,,29.0,29.0,29.0,,29.0,,29.0,29.0,29.0,30.0,30.0,30.0,31.0,31.0,32.0,32.0,32.0,28.0,,28.0,28.0,27.0,27.0,,29.0,28.0,29.0,30.0,30.0,30.0,30.0,30.0,30.0,30.0,30.0,30.0,29.0,29.0,29.0,29.0,29.0
2017/08/10,29.0,29.0,29.0,29.0,,29.0,29.0,29.0,29.0,29.0,28.0,28.0,28.0,,28.0,28.0,28.0,28.0,29.0,29.0,29.0,30.0,30.0,31.0,31.0,32.0,33.0,33.0,34.0,34.0,34.0,34.0,34.0,34.0,34.0,34.0,34.0,34.0,34.0,34.0,,32.0,32.0,32.0,31.0,31.0,31.0,30.0
2017/08/11,30.0,30.0,30.0,29.0,29.0,29.0,29.0,29.0,29.0,28.0,,28.0,28.0,28.0,29.0,29.0,30.0,27.0,30.0,,31.0,32.0,33.0,33.0,33.0,33.0,34.0,,35.0,34.0,35.0,35.0,35.0,,35.0,34.0,34.0,34.0,33.0,33.0,,33.0,32.0,31.0,31.0,31.0,31.0,30.0
2017/08/12,30.0,30.0,30.0,29.0,29.0,29.0,29.0,,,28.0,28.0,28.0,28.0,28.0,28.0,28.0,28.0,29.0,30.0,30.0,31.0,32.0,32.0,33.0,33.0,33.0,34.0,34.0,34.0,35.0,35.0,35.0,35.0,35.0,35.0,34.0,34.0,34.0,34.0,33.0,31.0,31.0,31.0,31.0,30.0,30.0,30.0,30.0
2017/08/13,29.0,29.0,29.0,29.0,,28.0,28.0,28.0,27.0,27.0,,27.0,27.0,27.0,27.0,28.0,28.0,28.0,30.0,30.0,,31.0,31.0,32.0,33.0,33.0,33.0,34.0,34.0,34.0,34.0,34.0,34.0,34.0,34.0,34.0,34.0,34.0,33.0,33.0,32.0,32.0,32.0,32.0,31.0,31.0,31.0,31.0
2017/08/14,31.0,30.0,30.0,30.0,29.0,29.0,29.0,28.0,28.0,28.0,,27.0,27.0,27.0,28.0,28.0,,29.0,30.0,30.0,31.0,31.0,31.0,32.0,33.0,,33.0,34.0,35.0,35.0,35.0,36.0,36.0,36.0,35.0,35.0,,35.0,33.0,33.0,32.0,32.0,32.0,32.0,32.0,31.0,31.0,30.0
2017/08/15,31.0,,30.0,30.0,30.0,30.0,30.0,29.0,29.0,29.0,29.0,29.0,,28.0,,29.0,29.0,30.0,31.0,31.0,31.0,32.0,32.0,34.0,34.0,,35.0,35.0,35.0,36.0,36.0,36.0,36.0,36.0,36.0,35.0,35.0,34.0,34.0,33.0,,32.0,31.0,31.0,31.0,30.0,30.0,30.0
2017/08/16,30.0,29.0,,,28.0,28.0,,28.0,28.0,28.0,27.0,27.0,27.0,27.0,28.0,28.0,29.0,29.0,30.0,30.0,31.0,32.0,32.0,33.0,34.0,,35.0,35.0,35.0,36.0,36.0,36.0,,36.0,36.0,35.0,35.0,35.0,34.0,34.0,34.0,33.0,33.0,33.0,33.0,33.0,33.0,32.0
2017/08/17,32.0,31.0,31.0,,31.0,31.0,30.0,30.0,30.0,29.0,29.0,29.0,29.0,29.0,29.0,,30.0,31.0,31.0,,31.0,33.0,33.0,33.0,34.0,34.0,35.0,35.0,35.0,36.0,36.0,37.0,37.0,36.0,35.0,35.0,35.0,35.0,,34.0,34.0,34.0,34.0,34.0,36.0,33.0,,32.0
2017/08/18,33.0,32.0,32.0,32.0,32.0,32.0,31.0,31.0,30.0,,30.0,30.0,29.0,29.0,29.0,29.0,29.0,30.0,31.0,31.0,32.0,33.0,34.0,34.0,34.0,35.0,36.0,36.0,37.0,37.0,38.0,38.0,38.0,38.0,,38.0,37.0,,36.0,35.0,34.0,33.0,,33.0,32.0,32.0,31.0,31.0
2017/08/19,31.0,31.0,30.0,,,30.0,30.0,30.0,30.0,30.0,29.0,29.0,29.0,29.0,29.0,29.0,29.0,28.0,27.0,26.0,27.0,27.0,28.0,28.0,29.0,28.0,29.0,29.0,29.0,29.0,29.0,29.0,29.0,28.0,28.0,28.0,28.0,28.0,28.0,28.0,,28.0,28.0,28.0,28.0,28.0,28.0,28.0
2017/08/20,28.0,28.0,28.0,28.0,28.0,28.0,28.0,27.0,,,,27.0,27.0,27.0,28.0,,29.0,30.0,30.0,30.0,31.0,32.0,32.0,33.0,33.0,,34.0,34.0,34.0,35.0,34.0,34.0,34.0,34.0,,34.0,34.0,,33.0,33.0,33.0,32.0,32.0,31.0,31.0,31.0,30.0,30.0
2017/08/21,,30.0,30.0,30.0,30.0,29.0,29.0,28.0,28.0,28.0,28.0,28.0,28.0,28.0,28.0,29.0,30.0,30.0,,31.0,32.0,33.0,33.0,34.0,34.0,34.0,34.0,35.0,,34.0,,35.0,35.0,,35.0,34.0,34.0,33.0,33.0,,32.0,32.0,32.0,31.0,,31.0,31.0,30.0
2017/08/22,30.0,30.0,30.0,30.0,30.0,29.0,29.0,29.0,29.0,29.0,29.0,29.0,29.0,29.0,29.0,29.0,31.0,31.0,32.0,32.0,32.0,34.0,34.0,35.0,35.0,33.0,32.0,,30.0,30.0,33.0,34.0,34.0,33.0,32.0,31.0,31.0,30.0,30.0,30.0,30.0,30.0,30.0,30.0,,30.0,29.0,29.0
2017/08/23,29.0,29.0,,29.0,,29.0,29.0,29.0,29.0,29.0,29.0,29.0,29.0,29.0,29.0,29.0,30.0,31.0,32.0,33.0,33.0,34.0,34.0,28.0,28.0,28.0,28.0,28.0,28.0,28.0,29.0,29.0,29.0,28.0,28.0,28.0,28.0,28.0,28.0,28.0,28.0,27.0,27.0,27.0,27.0,27.0,27.0,27.0
2017/08/24,27.0,27.0,27.0,27.0,26.0,26.0,26.0,26.0,,26.0,26.0,26.0,26.0,26.0,27.0,27.0,27.0,28.0,28.0,29.0,29.0,29.0,,31.0,31.0,32.0,33.0,33.0,,34.0,34.0,34.0,34.0,34.0,34.0,34.0,34.0,33.0,32.0,32.0,32.0,31.0,31.0,31.0,31.0,31.0,31.0,30.0
2017/08/25,30.0,30.0,29.0,29.0,29.0,29.0,29.0,29.0,29.0,29.0,29.0,28.0,28.0,28.0,,29.0,30.0,31.0,31.0,31.0,32.0,32.0,32.0,32.0,34.0,34.0,34.0,33.0,32.0,32.0,32.0,31.0,32.0,32.0,26.0,25.0,26.0,26.0,26.0,26.0,27.0,26.0,,27.0,27.0,27.0,,27.0
2017/08/26,27.0,27.0,27.0,27.0,28.0,28.0,28.0,28.0,28.0,28.0,28.0,27.0,27.0,27.0,27.0,,27.0,28.0,29.0,30.0,,31.0,31.0,31.0,31.0,,32.0,32.0,33.0,34.0,34.0,34.0,33.0,33.0,28.0,28.0,28.0,28.0,27.0,26.0,26.0,26.0,26.0,26.0,26.0,26.0,26.0,26.0
2017/08/27,26.0,26.0,26.0,26.0,26.0,26.0,26.0,25.0,25.0,25.0,25.0,25.0,25.0,26.0,26.0,27.0,28.0,29.0,30.0,,31.0,32.0,33.0,33.0,33.0,34.0,,35.0,35.0,36.0,36.0,36.0,36.0,35.0,35.0,34.0,33.0,32.0,30.0,30.0,28.0,28.0,28.0,28.0,28.0,28.0,28.0,28.0
2017/08/28,28.0,28.0,28.0,28.0,28.0,28.0,28.0,28.0,28.0,27.0,27.0,27.0,27.0,28.0,28.0,28.0,28.0,28.0,28.0,29.0,29.0,30.0,30.0,31.0,32.0,32.0,31.0,31.0,30.0,29.0,29.0,30.0,31.0,31.0,31.0,30.0,30.0,30.0,30.0,29.0,29.0,29.0,29.0,29.0,28.0,,28.0,28.0
2017/08/29,28.0,28.0,28.0,28.0,28.0,28.0,28.0,28.0,28.0,28.0,,28.0,28.0,27.0,27.0,27.0,28.0,29.0,30.0,30.0,30.0,31.0,31.0,32.0,32.0,32.0,32.0,32.0,33.0,33.0,34.0,34.0,34.0,34.0,33.0,33.0,32.0,32.0,31.0,31.0,,30.0,30.0,30.0,30.0,30.0,30.0,30.0
2017/08/30,30.0,30.0,30.0,30.0,29.0,29.0,29.0,29.0,28.0,28.0,28.0,28.0,28.0,28.0,28.0,,29.0,29.0,30.0,30.0,31.0,31.0,31.0,31.0,32.0,33.0,33.0,33.0,33.0,34.0,34.0,34.0,29.0,,29.0,32.0,32.0,32.0,31.0,31.0,30.0,30.0,28.0,26.0,26.0,26.0,26.0,27.0
2017/08/31,27.0,27.0,27.0,27.0,27.0,27.0,27.0,27.0,27.0,,26.0,26.0,27.0,27.0,27.0,27.0,28.0,29.0,29.0,29.0,28.0,28.0,28.0,29.0,29.0,31.0,30.0,28.0,28.0,26.0,,26.0,26.0,25.0,,25.0,26.0,26.0,26.0,26.0,26.0,26.0,26.0,26.0,26.0,26.0,26.0,26.0
2017/09/01,26.0,26.0,26.0,,26.0,26.0,26.0,26.0,26.0,26.0,,26.0,26.0,,26.0,26.0,27.0,27.0,27.0,29.0,29.0,29.0,30.0,29.0,29.0,30.0,30.0,31.0,31.0,32.0,32.0,31.0,27.0,28.0,28.0,29.0,29.0,29.0,,28.0,28.0,28.0,28.0,28.0,28.0,28.0,,27.0
2017/09/02,28.0,,27.0,27.0,27.0,27.0,27.0,27.0,27.0,27.0,27.0,27.0,27.0,,27.0,27.0,27.0,27.0,27.0,28.0,29.0,29.0,29.0,29.0,29.0,30.0,30.0,30.0,30.0,29.0,28.0,28.0,27.0,27.0,27.0,28.0,28.0,28.0,27.0,27.0,27.0,27.0,27.0,27.0,27.0,27.0,27.0,27.0
2017/09/03,27.0,27.0,27.0,27.0,27.0,26.0,26.0,26.0,26.0,26.0,,26.0,25.0,25.0,25.0,26.0,26.0,27.0,28.0,29.0,29.0,30.0,30.0,31.0,31.0,31.0,32.0,32.0,33.0,34.0,34.0,34.0,34.0,34.0,34.0,34.0,33.0,,33.0,33.0,31.0,31.0,31.0,,30.0,30.0,30.0,30.0
2017/09/04,30.0,30.0,30.0,29.0,29.0,28.0,28.0,28.0,28.0,28.0,28.0,28.0,27.0,27.0,27.0,,29.0,29.0,30.0,31.0,31.0,32.0,33.0,33.0,33.0,33.0,33.0,34.0,34.0,34.0,34.0,35.0,35.0,35.0,35.0,35.0,34.0,33.0,31.0,31.0,30.0,28.0,28.0,28.0,,27.0,27.0,27.0
2017/09/05,27.0,27.0,26.0,26.0,26.0,26.0,26.0,25.0,25.0,25.0,25.0,25.0,25.0,25.0,25.0,26.0,26.0,28.0,29.0,30.0,30.0,31.0,32.0,33.0,33.0,,34.0,34.0,34.0,34.0,34.0,34.0,34.0,34.0,34.0,34.0,33.0,,32.0,29.0,29.0,29.0,29.0,27.0,,,27.0,27.0
2017/09/06,27.0,27.0,27.0,27.0,27.0,27.0,27.0,26.0,26.0,26.0,26.0,26.0,26.0,,27.0,,27.0,28.0,29.0,,31.0,31.0,32.0,32.0,33.0,33.0,34.0,34.0,34.0,34.0,34.0,34.0,34.0,34.0,33.0,33.0,32.0,30.0,30.0,29.0,29.0,29.0,29.0,29.0,29.0,29.0,29.0,29.0
2017/09/07,28.0,28.0,27.0,26.0,26.0,26.0,26.0,26.0,26.0,25.0,25.0,24.0,24.0,24.0,24.0,24.0,26.0,26.0,27.0,27.0,27.0,27.0,28.0,29.0,29.0,29.0,30.0,30.0,31.0,32.0,32.0,32.0,33.0,33.0,33.0,32.0,32.0,31.0,31.0,31.0,30.0,30.0,30.0,30.0,30.0,30.0,29.0,29.0
2017/09/08,29.0,29.0,29.0,28.0,28.0,28.0,28.0,28.0,27.0,27.0,27.0,27.0,27.0,27.0,27.0,27.0,28.0,29.0,29.0,30.0,31.0,32.0,32.0,32.0,32.0,33.0,33.0,,34.0,34.0,35.0,35.0,35.0,,34.0,34.0,33.0,33.0,32.0,32.0,31.0,31.0,31.0,31.0,30.0,30.0,30.0,30.0
2017/09/09,,29.0,27.0,27.0,27.0,27.0,27.0,,27.0,27.0,27.0,27.0,27.0,27.0,,27.0,28.0,29.0,29.0,31.0,31.0,,32.0,32.0,33.0,33.0,34.0,34.0,35.0,35.0,35.0,35.0,35.0,35.0,35.0,34.0,33.0,33.0,33.0,32.0,31.0,31.0,31.0,31.0,31.0,30.0,30.0,30.0
2017/09/10,30.0,,29.0,29.0,29.0,29.0,29.0,29.0,29.0,29.0,29.0,29.0,28.0,28.0,28.0,,30.0,31.0,,33.0,34.0,35.0,36.0,36.0,,37.0,37.0,37.0,37.0,36.0,36.0,36.0,,36.0,36.0,35.0,35.0,34.0,34.0,,,32.0,32.0,31.0,31.0,31.0,31.0,31.0
2017/09/11,30.0,30.0,30.0,30.0,30.0,30.0,30.0,29.0,29.0,29.0,29.0,29.0,29.0,29.0,29.0,29.0,31.0,32.0,32.0,33.0,33.0,34.0,,35.0,,35.0,35.0,35.0,35.0,35.0,35.0,35.0,34.0,34.0,33.0,33.0,33.0,33.0,,33.0,30.0,30.0,29.0,29.0,28.0,28.0,28.0,28.0
2017/09/12,27.0,27.0,27.0,27.0,27.0,27.0,27.0,27.0,27.0,27.0,27.0,27.0,26.0,26.0,26.0,,28.0,29.0,30.0,31.0,32.0,33.0,34.0,34.0,35.0,34.0,34.0,35.0,35.0,35.0,36.0,36.0,35.0,35.0,35.0,34.0,34.0,,33.0,32.0,,32.0,31.0,31.0,31.0,31.0,31.0,30.0
2017/09/13,30.0,30.0,,29.0,29.0,29.0,29.0,29.0,29.0,28.0,27.0,27.0,27.0,,,28.0,29.0,31.0,,32.0,33.0,34.0,35.0,35.0,35.0,35.0,36.0,,36.0,37.0,37.0,37.0,37.0,,36.0,35.0,34.0,34.0,33.0,33.0,32.0,32.0,32.0,32.0,32.0,32.0,31.0,30.0
2017/09/14,30.0,30.0,30.0,30.0,30.0,29.0,30.0,,29.0,29.0,29.0,29.0,29.0,29.0,29.0,30.0,30.0,31.0,32.0,32.0,32.0,33.0,33.0,34.0,34.0,35.0,35.0,35.0,35.0,35.0,35.0,35.0,35.0,34.0,34.0,34.0,34.0,33.0,33.0,33.0,32.0,32.0,32.0,31.0,31.0,31.0,31.0,31.0
2017/09/15,31.0,30.0,30.0,30.0,30.0,30.0,,30.0,30.0,29.0,29.0,29.0,29.0,29.0,29.0,30.0,30.0,31.0,32.0,32.0,32.0,33.0,,34.0,35.0,35.0,35.0,,36.0,36.0,36.0,36.0,36.0,35.0,35.0,35.0,34.0,33.0,33.0,32.0,31.0,31.0,31.0,31.0,31.0,30.0,30.0,30.0
2017/09/16,,30.0,30.0,29.0,29.0,29.0,,29.0,29.0,29.0,29.0,29.0,29.0,28.0,27.0,28.0,28.0,28.0,29.0,29.0,29.0,30.0,30.0,31.0,31.0,31.0,32.0,32.0,31.0,31.0,31.0,31.0,31.0,31.0,31.0,31.0,31.0,,30.0,30.0,30.0,30.0,30.0,30.0,28.0,28.0,28.0,28.0
2017/09/17,28.0,27.0,27.0,27.0,27.0,27.0,27.0,27.0,26.0,26.0,26.0,26.0,26.0,,25.0,27.0,28.0,28.0,29.0,29.0,30.0,30.0,31.0,32.0,32.0,32.0,,34.0,34.0,34.0,,34.0,33.0,33.0,33.0,32.0,31.0,,30.0,30.0,,30.0,30.0,29.0,28.0,28.0,28.0,27.0
2017/09/18,27.0,,27.0,,26.0,26.0,,26.0,26.0,25.0,25.0,25.0,24.0,24.0,24.0,25.0,26.0,27.0,,,29.0,31.0,33.0,34.0,35.0,35.0,35.0,,35.0,36.0,36.0,36.0,37.0,,34.0,34.0,33.0,33.0,,32.0,32.0,32.0,31.0,31.0,31.0,31.0,30.0,29.0
2017/09/19,30.0,30.0,29.0,29.0,29.0,29.0,29.0,28.0,28.0,28.0,27.0,26.0,27.0,27.0,27.0,27.0,28.0,29.0,30.0,31.0,32.0,33.0,,34.0,35.0,35.0,35.0,36.0,36.0,36.0,36.0,36.0,36.0,36.0,36.0,36.0,35.0,34.0,33.0,33.0,32.0,30.0,31.0,31.0,31.0,30.0,30.0,30.0
2017/09/20,30.0,29.0,28.0,28.0,28.0,27.0,27.0,27.0,,26.0,26.0,26.0,27.0,27.0,27.0,27.0,28.0,29.0,31.0,32.0,32.0,,35.0,35.0,37.0,37.0,37.0,37.0,37.0,37.0,,38.0,38.0,37.0,37.0,36.0,35.0,35.0,33.0,32.0,32.0,29.0,31.0,31.0,30.0,30.0,29.0,28.0
2017/09/21,28.0,28.0,,27.0,27.0,27.0,27.0,27.0,,26.0,26.0,26.0,26.0,,26.0,27.0,28.0,30.0,,31.0,31.0,31.0,30.0,33.0,34.0,,34.0,,35.0,35.0,35.0,34.0,34.0,34.0,34.0,33.0,32.0,31.0,,30.0,30.0,30.0,30.0,29.0,29.0,29.0,28.0,28.0
2017/09/22,28.0,28.0,27.0,27.0,,27.0,27.0,27.0,26.0,26.0,26.0,26.0,27.0,27.0,27.0,27.0,27.0,27.0,,28.0,27.0,26.0,25.0,25.0,25.0,25.0,24.0,25.0,25.0,25.0,25.0,25.0,25.0,25.0,25.0,25.0,25.0,25.0,25.0,25.0,25.0,25.0,25.0,25.0,25.0,25.0,25.0,25.0
2017/09/23,24.0,24.0,24.0,24.0,24.0,24.0,24.0,24.0,,24.0,24.0,24.0,24.0,24.0,24.0,24.0,25.0,25.0,,25.0,25.0,25.0,25.0,25.0,,25.0,25.0,25.0,24.0,25.0,25.0,25.0,26.0,26.0,,26.0,26.0,26.0,25.0,25.0,25.0,25.0,25.0,,25.0,24.0,,24.0
2017/09/24,24.0,24.0,24.0,24.0,,23.0,23.0,23.0,23.0,23.0,23.0,23.0,23.0,23.0,23.0,23.0,,23.0,24.0,,25.0,25.0,26.0,26.0,27.0,,29.0,29.0,,30.0,31.0,,31.0,31.0,31.0,30.0,,29.0,28.0,28.0,28.0,26.0,27.0,27.0,,27.0,27.0,27.0
2017/09/25,26.0,26.0,26.0,26.0,25.0,24.0,24.0,24.0,,24.0,23.0,24.0,23.0,23.0,24.0,,25.0,27.0,27.0,29.0,,31.0,32.0,32.0,33.0,33.0,33.0,,34.0,34.0,34.0,34.0,,34.0,,34.0,34.0,33.0,32.0,32.0,31.0,31.0,,30.0,,29.0,29.0,29.0
2017/09/26,28.0,28.0,,27.0,,27.0,27.0,27.0,26.0,26.0,26.0,26.0,26.0,26.0,26.0,26.0,27.0,28.0,29.0,30.0,,32.0,32.0,33.0,34.0,34.0,34.0,35.0,35.0,35.0,35.0,35.0,35.0,34.0,,34.0,,32.0,32.0,,31.0,31.0,31.0,31.0,29.0,29.0,29.0,28.0
2017/09/27,,28.0,27.0,27.0,27.0,27.0,,,26.0,,,26.0,26.0,26.0,26.0,26.0,26.0,28.0,28.0,32.0,32.0,33.0,33.0,33.0,34.0,35.0,35.0,36.0,37.0,37.0,,,37.0,36.0,36.0,33.0,34.0,33.0,32.0,32.0,31.0,31.0,30.0,29.0,28.0,28.0,29.0,28.0
2017/09/28,28.0,28.0,28.0,27.0,27.0,27.0,27.0,26.0,26.0,26.0,26.0,26.0,26.0,26.0,27.0,27.0,29.0,29.0,30.0,31.0,32.0,33.0,34.0,34.0,35.0,35.0,36.0,36.0,,37.0,37.0,37.0,,36.0,36.0,35.0,,33.0,,32.0,31.0,31.0,30.0,30.0,30.0,30.0,29.0,29.0
2017/09/29,,28.0,28.0,27.0,27.0,27.0,27.0,26.0,26.0,26.0,25.0,25.0,25.0,24.0,24.0,,27.0,28.0,,30.0,,32.0,33.0,33.0,,35.0,35.0,35.0,36.0,36.0,37.0,36.0,36.0,36.0,36.0,35.0,34.0,33.0,32.0,32.0,31.0,30.0,30.0,30.0,30.0,30.0,29.0,29.0
2017/09/30,,28.0,27.0,27.0,26.0,26.0,26.0,26.0,26.0,25.0,25.0,24.0,24.0,23.0,23.0,24.0,25.0,26.0,,29.0,,32.0,33.0,33.0,34.0,35.0,35.0,36.0,36.0,36.0,36.0,36.0,36.0,36.0,36.0,35.0,34.0,34.0,32.0,32.0,32.0,31.0,30.0,30.0,29.0,29.0,28.0,28.0
2017/10/01,28.0,27.0,27.0,,26.0,26.0,25.0,24.0,24.0,24.0,24.0,24.0,24.0,25.0,25.0,,25.0,27.0,29.0,29.0,31.0,32.0,32.0,34.0,34.0,35.0,,36.0,36.0,36.0,36.0,36.0,36.0,35.0,35.0,34.0,,32.0,31.0,31.0,30.0,29.0,,29.0,27.0,27.0,27.0,27.0
2017/10/02,26.0,26.0,,25.0,25.0,24.0,25.0,,25.0,24.0,24.0,23.0,23.0,23.0,23.0,,26.0,27.0,29.0,30.0,30.0,32.0,33.0,34.0,,35.0,36.0,36.0,36.0,36.0,,36.0,36.0,36.0,,35.0,34.0,32.0,32.0,32.0,,31.0,29.0,29.0,27.0,27.0,27.0,27.0
2017/10/03,27.0,26.0,,,24.0,24.0,24.0,24.0,23.0,23.0,,22.0,22.0,22.0,22.0,24.0,25.0,26.0,,29.0,,31.0,32.0,32.0,33.0,34.0,34.0,,35.0,36.0,36.0,36.0,36.0,36.0,36.0,34.0,,33.0,32.0,32.0,30.0,30.0,29.0,29.0,28.0,,27.0,27.0
2017/10/04,27.0,26.0,26.0,,24.0,24.0,24.0,24.0,24.0,,24.0,24.0,24.0,24.0,24.0,24.0,25.0,27.0,28.0,,,,32.0,33.0,34.0,34.0,36.0,36.0,36.0,36.0,36.0,36.0,36.0,36.0,35.0,33.0,33.0,33.0,32.0,32.0,31.0,31.0,30.0,30.0,30.0,29.0,,29.0
2017/10/05,29.0,28.0,28.0,28.0,28.0,26.0,27.0,27.0,26.0,26.0,26.0,26.0,25.0,25.0,25.0,,26.0,27.0,27.0,30.0,31.0,32.0,33.0,33.0,35.0,,36.0,36.0,37.0,37.0,37.0,37.0,,37.0,36.0,34.0,,33.0,32.0,32.0,31.0,31.0,30.0,30.0,30.0,30.0,30.0,29.0
2017/10/06,,29.0,,28.0,28.0,28.0,27.0,27.0,,27.0,26.0,24.0,,,27.0,,,29.0,31.0,33.0,33.0,34.0,,35.0,,36.0,36.0,36.0,36.0,36.0,36.0,35.0,35.0,35.0,,34.0,33.0,32.0,31.0,31.0,31.0,31.0,30.0,,30.0,29.0,29.0,28.0
2017/10/07,,28.0,28.0,,27.0,26.0,26.0,26.0,25.0,,25.0,23.0,23.0,22.0,21.0,21.0,23.0,25.0,,28.0,29.0,,31.0,31.0,33.0,33.0,34.0,34.0,35.0,35.0,35.0,35.0,35.0,35.0,34.0,34.0,33.0,32.0,31.0,31.0,30.0,29.0,,,28.0,27.0,27.0,27.0
2017/10/08,27.0,,26.0,,26.0,26.0,25.0,,25.0,24.0,24.0,24.0,24.0,23.0,23.0,24.0,25.0,25.0,27.0,28.0,29.0,31.0,32.0,33.0,,34.0,34.0,34.0,34.0,34.0,,35.0,35.0,35.0,34.0,33.0,33.0,,,32.0,31.0,30.0,30.0,29.0,28.0,27.0,,26.0
2017/10/09,,26.0,26.0,26.0,,25.0,,25.0,25.0,24.0,24.0,24.0,24.0,23.0,22.0,22.0,23.0,25.0,29.0,30.0,31.0,32.0,33.0,34.0,34.0,34.0,35.0,35.0,36.0,36.0,36.0,,,35.0,,34.0,33.0,,,28.0,28.0,28.0,28.0,,,26.0,26.0,26.0
2017/10/10,26.0,26.0,,,25.0,25.0,25.0,25.0,25.0,25.0,25.0,25.0,24.0,24.0,24.0,,25.0,27.0,32.0,32.0,,32.0,33.0,34.0,34.0,35.0,36.0,,36.0,35.0,,35.0,35.0,34.0,34.0,33.0,,,31.0,30.0,30.0,28.0,28.0,28.0,27.0,,27.0,27.0
2017/10/11,27.0,26.0,26.0,26.0,26.0,26.0,,25.0,24.0,25.0,25.0,25.0,,25.0,25.0,26.0,28.0,28.0,30.0,31.0,32.0,32.0,32.0,33.0,33.0,34.0,34.0,35.0,35.0,35.0,35.0,35.0,35.0,34.0,33.0,33.0,32.0,31.0,30.0,30.0,30.0,30.0,28.0,28.0,27.0,27.0,27.0,27.0
2017/10/12,26.0,26.0,25.0,,25.0,25.0,25.0,25.0,25.0,25.0,24.0,24.0,24.0,24.0,23.0,23.0,24.0,26.0,27.0,29.0,30.0,31.0,,33.0,,34.0,34.0,35.0,35.0,35.0,35.0,,35.0,35.0,35.0,33.0,31.0,31.0,30.0,,30.0,29.0,29.0,28.0,27.0,27.0,27.0,26.0
2017/10/13,,26.0,26.0,,25.0,25.0,25.0,24.0,24.0,24.0,24.0,24.0,23.0,23.0,23.0,23.0,25.0,25.0,27.0,28.0,29.0,30.0,31.0,31.0,33.0,33.0,34.0,35.0,36.0,36.0,36.0,36.0,35.0,35.0,35.0,33.0,32.0,32.0,31.0,,29.0,27.0,28.0,28.0,28.0,27.0,26.0,25.0
2017/10/14,25.0,25.0,25.0,25.0,,24.0,24.0,24.0,24.0,24.0,23.0,23.0,23.0,23.0,23.0,23.0,25.0,27.0,29.0,31.0,32.0,33.0,34.0,34.0,,36.0,36.0,36.0,36.0,36.0,37.0,37.0,36.0,36.0,35.0,34.0,33.0,32.0,,30.0,29.0,28.0,28.0,,27.0,26.0,26.0,26.0
2017/10/15,26.0,26.0,25.0,25.0,22.0,22.0,22.0,23.0,22.0,22.0,22.0,21.0,22.0,23.0,23.0,24.0,,25.0,27.0,27.0,30.0,31.0,32.0,33.0,,35.0,35.0,36.0,36.0,36.0,36.0,36.0,,36.0,36.0,35.0,34.0,33.0,32.0,31.0,,29.0,28.0,27.0,,,26.0,25.0
2017/10/16,25.0,25.0,24.0,24.0,23.0,23.0,23.0,22.0,22.0,22.0,,22.0,22.0,22.0,22.0,22.0,23.0,26.0,25.0,27.0,29.0,31.0,32.0,33.0,34.0,35.0,,36.0,36.0,36.0,36.0,35.0,35.0,34.0,34.0,33.0,32.0,,31.0,30.0,30.0,29.0,,,,27.0,26.0,26.0
2017/10/17,26.0,25.0,,24.0,24.0,23.0,23.0,22.0,22.0,21.0,21.0,20.0,21.0,21.0,21.0,21.0,22.0,24.0,25.0,27.0,27.0,29.0,31.0,31.0,32.0,,,,35.0,35.0,35.0,35.0,35.0,35.0,34.0,34.0,31.0,30.0,30.0,29.0,28.0,28.0,27.0,26.0,27.0,26.0,26.0,23.0
2017/10/18,25.0,,25.0,24.0,24.0,22.0,23.0,,,23.0,23.0,22.0,22.0,22.0,22.0,22.0,24.0,25.0,26.0,,28.0,29.0,30.0,32.0,33.0,,,34.0,,35.0,35.0,35.0,34.0,34.0,33.0,32.0,32.0,31.0,30.0,30.0,29.0,28.0,28.0,27.0,27.0,26.0,,26.0
2017/10/19,25.0,25.0,,25.0,24.0,22.0,22.0,20.0,,20.0,20.0,20.0,,19.0,19.0,20.0,24.0,25.0,28.0,29.0,,32.0,32.0,32.0,33.0,34.0,34.0,35.0,35.0,36.0,36.0,36.0,36.0,36.0,,35.0,34.0,32.0,31.0,30.0,29.0,,28.0,28.0,27.0,26.0,26.0,26.0
2017/10/20,26.0,26.0,26.0,25.0,25.0,25.0,25.0,,23.0,22.0,21.0,22.0,22.0,21.0,,21.0,23.0,24.0,26.0,28.0,30.0,32.0,,33.0,34.0,35.0,,35.0,,35.0,,36.0,35.0,35.0,34.0,32.0,,32.0,29.0,29.0,,27.0,27.0,27.0,27.0,,26.0,25.0
2017/10/21,25.0,25.0,24.0,24.0,24.0,24.0,23.0,23.0,23.0,,23.0,23.0,22.0,22.0,22.0,22.0,23.0,25.0,26.0,,28.0,30.0,30.0,31.0,32.0,33.0,34.0,34.0,35.0,35.0,35.0,,34.0,33.0,,31.0,30.0,29.0,28.0,27.0,,26.0,26.0,26.0,25.0,25.0,24.0,23.0
2017/10/22,23.0,22.0,22.0,21.0,21.0,21.0,20.0,20.0,20.0,20.0,20.0,20.0,20.0,19.0,19.0,22.0,24.0,25.0,28.0,29.0,30.0,31.0,32.0,32.0,33.0,34.0,36.0,36.0,36.0,36.0,36.0,36.0,36.0,36.0,35.0,34.0,32.0,,30.0,,27.0,28.0,27.0,26.0,26.0,26.0,26.0,26.0
2017/10/23,25.0,,,24.0,24.0,23.0,23.0,22.0,21.0,,19.0,19.0,18.0,18.0,19.0,20.0,23.0,25.0,26.0,27.0,,31.0,32.0,32.0,33.0,34.0,34.0,35.0,,36.0,36.0,36.0,,,34.0,32.0,31.0,30.0,29.0,29.0,28.0,27.0,,27.0,26.0,25.0,24.0,23.0
2017/10/24,23.0,23.0,23.0,23.0,22.0,22.0,,22.0,22.0,22.0,22.0,22.0,,20.0,19.0,19.0,20.0,21.0,23.0,25.0,27.0,28.0,29.0,31.0,32.0,33.0,33.0,33.0,33.0,33.0,,33.0,33.0,33.0,31.0,31.0,29.0,29.0,28.0,,26.0,26.0,25.0,24.0,,24.0,,24.0
2017/10/25,24.0,23.0,,23.0,22.0,22.0,22.0,20.0,20.0,20.0,20.0,19.0,19.0,19.0,19.0,19.0,20.0,21.0,23.0,24.0,25.0,26.0,27.0,28.0,29.0,30.0,30.0,31.0,32.0,32.0,32.0,32.0,32.0,32.0,32.0,29.0,29.0,28.0,,25.0,25.0,24.0,24.0,23.0,,,22.0,22.0
2017/10/26,,,20.0,20.0,20.0,20.0,20.0,20.0,20.0,,19.0,19.0,19.0,19.0,18.0,19.0,21.0,22.0,24.0,27.0,29.0,29.0,31.0,32.0,32.0,32.0,33.0,,34.0,34.0,34.0,33.0,32.0,32.0,30.0,30.0,28.0,27.0,27.0,,,26.0,,24.0,23.0,23.0,23.0,23.0
2017/10/27,23.0,22.0,22.0,21.0,21.0,21.0,21.0,20.0,,,20.0,19.0,19.0,18.0,18.0,19.0,20.0,22.0,23.0,25.0,,28.0,29.0,29.0,,,31.0,32.0,33.0,33.0,33.0,33.0,33.0,32.0,31.0,30.0,29.0,28.0,27.0,26.0,26.0,25.0,24.0,,,23.0,23.0,22.0
2017/10/28,21.0,21.0,21.0,21.0,21.0,20.0,20.0,20.0,20.0,19.0,19.0,19.0,19.0,19.0,19.0,20.0,21.0,22.0,24.0,26.0,28.0,29.0,29.0,31.0,31.0,31.0,,31.0,32.0,33.0,,32.0,31.0,31.0,31.0,29.0,,27.0,27.0,27.0,26.0,25.0,24.0,24.0,,23.0,,22.0
2017/10/29,22.0,22.0,21.0,21.0,21.0,21.0,21.0,21.0,21.0,21.0,22.0,22.0,21.0,21.0,20.0,20.0,20.0,21.0,23.0,24.0,26.0,27.0,,29.0,30.0,30.0,31.0,31.0,32.0,32.0,,32.0,31.0,31.0,29.0,28.0,28.0,27.0,,26.0,25.0,24.0,23.0,23.0,23.0,23.0,22.0,22.0
2017/10/30,,22.0,22.0,21.0,21.0,20.0,20.0,20.0,20.0,20.0,20.0,20.0,20.0,20.0,20.0,20.0,,24.0,24.0,25.0,27.0,27.0,28.0,28.0,29.0,30.0,30.0,31.0,31.0,31.0,31.0,,30.0,30.0,29.0,28.0,28.0,,,25.0,24.0,24.0,23.0,23.0,23.0,23.0,23.0,21.0
2017/10/31,22.0,21.0,21.0,20.0,20.0,20.0,,20.0,20.0,20.0,20.0,18.0,20.0,18.0,18.0,19.0,19.0,20.0,22.0,23.0,25.0,27.0,27.0,28.0,28.0,29.0,,30.0,31.0,31.0,31.0,31.0,30.0,29.0,,26.0,27.0,26.0,,25.0,24.0,23.0,23.0,23.0,22.0,22.0,22.0,22.0
2017/11/01,,21.0,21.0,,,20.0,,20.0,20.0,19.0,19.0,19.0,,19.0,19.0,19.0,20.0,21.0,23.0,25.0,25.0,26.0,28.0,29.0,30.0,30.0,31.0,31.0,31.0,32.0,32.0,32.0,32.0,30.0,29.0,28.0,27.0,27.0,,27.0,25.0,24.0,24.0,23.0,23.0,,,22.0
2017/11/02,22.0,22.0,22.0,21.0,21.0,20.0,21.0,20.0,,20.0,,20.0,20.0,20.0,20.0,20.0,20.0,21.0,21.0,24.0,25.0,29.0,28.0,28.0,29.0,29.0,29.0,30.0,30.0,30.0,30.0,29.0,29.0,29.0,28.0,28.0,27.0,26.0,25.0,25.0,25.0,24.0,24.0,24.0,24.0,23.0,23.0,23.0
2017/11/03,23.0,21.0,,21.0,21.0,21.0,20.0,20.0,20.0,,,19.0,19.0,20.0,20.0,20.0,21.0,22.0,23.0,24.0,25.0,26.0,27.0,28.0,28.0,,30.0,31.0,31.0,30.0,30.0,30.0,30.0,,28.0,27.0,26.0,26.0,25.0,,24.0,24.0,24.0,23.0,23.0,23.0,23.0,23.0
2017/11/04,22.0,,22.0,22.0,22.0,21.0,20.0,19.0,18.0,19.0,19.0,18.0,18.0,17.0,17.0,18.0,20.0,22.0,24.0,25.0,,27.0,27.0,27.0,27.0,28.0,29.0,30.0,30.0,30.0,29.0,29.0,29.0,29.0,28.0,28.0,27.0,26.0,25.0,24.0,,23.0,23.0,23.0,23.0,22.0,22.0,21.0
2017/11/05,21.0,21.0,20.0,20.0,20.0,20.0,,19.0,19.0,19.0,19.0,19.0,,18.0,19.0,19.0,19.0,21.0,22.0,23.0,25.0,26.0,27.0,28.0,28.0,29.0,30.0,30.0,30.0,30.0,,30.0,30.0,29.0,,28.0,27.0,26.0,26.0,26.0,24.0,24.0,24.0,,24.0,23.0,22.0,22.0
2017/11/06,22.0,21.0,21.0,21.0,21.0,21.0,20.0,,20.0,20.0,,19.0,19.0,19.0,19.0,19.0,19.0,20.0,21.0,23.0,24.0,24.0,26.0,27.0,28.0,28.0,,30.0,30.0,30.0,30.0,30.0,30.0,30.0,30.0,28.0,26.0,25.0,25.0,24.0,24.0,23.0,23.0,,,22.0,22.0,22.0
2017/11/07,22.0,22.0,21.0,21.0,21.0,21.0,20.0,20.0,20.0,19.0,18.0,18.0,18.0,17.0,17.0,18.0,18.0,19.0,20.0,21.0,22.0,23.0,25.0,27.0,28.0,29.0,30.0,,30.0,30.0,30.0,30.0,,30.0,,27.0,26.0,25.0,24.0,24.0,23.0,21.0,21.0,20.0,20.0,20.0,19.0,19.0
2017/11/08,19.0,19.0,19.0,,18.0,18.0,,14.0,13.0,,,12.0,14.0,14.0,,13.0,15.0,16.0,17.0,19.0,,20.0,21.0,23.0,24.0,25.0,25.0,27.0,28.0,28.0,28.0,28.0,27.0,27.0,27.0,26.0,24.0,23.0,23.0,22.0,21.0,21.0,20.0,18.0,18.0,18.0,,18.0
2017/11/09,18.0,17.0,17.0,17.0,17.0,17.0,17.0,17.0,17.0,17.0,,17.0,16.0,16.0,16.0,16.0,16.0,16.0,16.0,19.0,21.0,23.0,25.0,25.0,27.0,29.0,29.0,30.0,30.0,30.0,30.0,30.0,29.0,29.0,28.0,27.0,25.0,24.0,23.0,23.0,23.0,20.0,21.0,21.0,21.0,21.0,20.0,20.0
2017/11/10,20.0,20.0,20.0,20.0,,18.0,18.0,17.0,17.0,16.0,15.0,15.0,15.0,15.0,15.0,14.0,15.0,17.0,18.0,20.0,22.0,24.0,25.0,26.0,27.0,28.0,28.0,29.0,,29.0,29.0,29.0,29.0,29.0,27.0,26.0,24.0,24.0,23.0,22.0,22.0,21.0,21.0,20.0,20.0,20.0,19.0,18.0
2017/11/11,18.0,18.0,17.0,17.0,17.0,17.0,17.0,16.0,16.0,,16.0,15.0,16.0,16.0,16.0,16.0,16.0,17.0,20.0,20.0,21.0,23.0,,26.0,26.0,27.0,28.0,28.0,28.0,29.0,29.0,28.0,28.0,28.0,,26.0,25.0,25.0,24.0,23.0,22.0,22.0,22.0,22.0,20.0,20.0,19.0,19.0
2017/11/12,19.0,18.0,17.0,16.0,,16.0,16.0,16.0,16.0,15.0,16.0,14.0,14.0,14.0,14.0,14.0,15.0,17.0,,19.0,20.0,22.0,24.0,25.0,27.0,27.0,28.0,28.0,28.0,28.0,28.0,,28.0,28.0,27.0,26.0,25.0,24.0,,22.0,21.0,20.0,19.0,19.0,19.0,18.0,18.0,17.0
2017/11/13,17.0,16.0,16.0,16.0,15.0,15.0,15.0,15.0,15.0,15.0,15.0,15.0,15.0,15.0,15.0,15.0,16.0,17.0,18.0,19.0,20.0,22.0,23.0,25.0,,27.0,28.0,28.0,28.0,28.0,28.0,28.0,28.0,27.0,,25.0,24.0,23.0,23.0,23.0,23.0,21.0,20.0,20.0,20.0,19.0,19.0,19.0
2017/11/14,19.0,19.0,19.0,19.0,19.0,18.0,18.0,18.0,18.0,18.0,17.0,16.0,16.0,,17.0,18.0,18.0,19.0,20.0,22.0,23.0,24.0,25.0,26.0,26.0,26.0,27.0,27.0,27.0,27.0,27.0,27.0,26.0,26.0,26.0,23.0,23.0,23.0,22.0,21.0,21.0,20.0,,20.0,19.0,19.0,19.0,19.0
2017/11/15,19.0,18.0,18.0,18.0,18.0,18.0,18.0,18.0,18.0,18.0,18.0,17.0,16.0,16.0,16.0,17.0,18.0,19.0,20.0,21.0,23.0,23.0,23.0,25.0,26.0,26.0,27.0,27.0,27.0,27.0,27.0,27.0,26.0,26.0,25.0,24.0,23.0,22.0,21.0,21.0,21.0,20.0,20.0,19.0,19.0,19.0,19.0,19.0
2017/11/16,19.0,19.0,19.0,19.0,18.0,18.0,18.0,18.0,17.0,17.0,17.0,17.0,15.0,15.0,15.0,,17.0,18.0,19.0,20.0,20.0,21.0,22.0,22.0,23.0,25.0,25.0,26.0,25.0,25.0,25.0,25.0,24.0,24.0,23.0,22.0,,22.0,21.0,21.0,21.0,19.0,19.0,18.0,18.0,,18.0,18.0
2017/11/17,,17.0,17.0,17.0,17.0,17.0,16.0,16.0,16.0,16.0,16.0,16.0,16.0,,16.0,16.0,16.0,16.0,16.0,17.0,19.0,21.0,22.0,22.0,24.0,24.0,25.0,25.0,25.0,26.0,26.0,25.0,25.0,,24.0,24.0,23.0,22.0,,22.0,21.0,21.0,20.0,20.0,20.0,19.0,19.0,19.0
2017/11/18,,18.0,17.0,17.0,17.0,17.0,17.0,18.0,18.0,17.0,17.0,16.0,15.0,15.0,15.0,15.0,15.0,17.0,17.0,19.0,21.0,22.0,23.0,23.0,24.0,,24.0,24.0,24.0,25.0,25.0,25.0,24.0,24.0,,23.0,23.0,22.0,22.0,22.0,21.0,21.0,20.0,20.0,20.0,20.0,20.0,19.0
2017/11/19,19.0,19.0,18.0,18.0,18.0,18.0,18.0,18.0,17.0,16.0,16.0,16.0,15.0,15.0,15.0,14.0,15.0,16.0,18.0,19.0,19.0,20.0,21.0,22.0,22.0,23.0,23.0,24.0,24.0,24.0,,24.0,23.0,23.0,23.0,22.0,21.0,20.0,20.0,20.0,19.0,19.0,,17.0,18.0,17.0,18.0,17.0
2017/11/20,17.0,17.0,,17.0,16.0,16.0,16.0,15.0,,14.0,13.0,12.0,13.0,11.0,10.0,10.0,10.0,12.0,14.0,14.0,16.0,18.0,19.0,20.0,21.0,,22.0,,24.0,23.0,23.0,23.0,23.0,22.0,,20.0,20.0,19.0,19.0,19.0,18.0,18.0,18.0,18.0,,,16.0,13.0
2017/11/21,13.0,13.0,13.0,,12.0,11.0,10.0,,10.0,10.0,,10.0,9.0,9.0,10.0,10.0,11.0,12.0,,15.0,16.0,18.0,19.0,20.0,,22.0,,23.0,,24.0,24.0,24.0,,,,21.0,21.0,20.0,19.0,18.0,18.0,17.0,,16.0,16.0,16.0,16.0,15.0
2017/11/22,15.0,15.0,14.0,14.0,13.0,13.0,13.0,12.0,12.0,12.0,11.0,11.0,11.0,10.0,,9.0,,14.0,15.0,,17.0,19.0,,21.0,22.0,23.0,24.0,,25.0,25.0,25.0,25.0,24.0,,22.0,21.0,20.0,20.0,,19.0,18.0,17.0,17.0,17.0,16.0,16.0,15.0,15.0
2017/11/23,14.0,14.0,14.0,,13.0,12.0,12.0,12.0,,,,10.0,10.0,10.0,10.0,10.0,11.0,12.0,,14.0,,,,21.0,,,,24.0,,25.0,25.0,25.0,25.0,,23.0,21.0,21.0,20.0,19.0,19.0,18.0,17.0,17.0,17.0,17.0,,16.0,15.0
2017/11/24,,13.0,13.0,12.0,12.0,12.0,12.0,,12.0,11.0,12.0,11.0,11.0,12.0,12.0,11.0,11.0,13.0,14.0,16.0,18.0,19.0,21.0,21.0,22.0,23.0,24.0,24.0,25.0,25.0,25.0,25.0,25.0,25.0,24.0,22.0,21.0,20.0,20.0,20.0,19.0,17.0,18.0,18.0,18.0,17.0,16.0,16.0
2017/11/25,15.0,15.0,15.0,15.0,14.0,13.0,13.0,13.0,12.0,12.0,12.0,12.0,11.0,11.0,11.0,12.0,12.0,14.0,16.0,18.0,19.0,20.0,21.0,22.0,23.0,24.0,24.0,25.0,26.0,26.0,26.0,26.0,26.0,25.0,25.0,23.0,21.0,21.0,20.0,18.0,17.0,17.0,17.0,17.0,16.0,15.0,14.0,14.0
2017/11/26,14.0,14.0,14.0,13.0,13.0,13.0,13.0,13.0,13.0,13.0,13.0,12.0,12.0,13.0,13.0,13.0,13.0,14.0,16.0,18.0,20.0,21.0,23.0,23.0,25.0,25.0,26.0,,26.0,26.0,26.0,27.0,27.0,,25.0,24.0,23.0,21.0,19.0,18.0,17.0,17.0,17.0,16.0,16.0,,16.0,16.0
2017/11/27,16.0,15.0,15.0,15.0,14.0,14.0,13.0,13.0,13.0,13.0,12.0,12.0,12.0,,12.0,12.0,13.0,13.0,14.0,16.0,17.0,19.0,20.0,22.0,22.0,23.0,,24.0,24.0,25.0,25.0,25.0,25.0,24.0,23.0,23.0,22.0,21.0,20.0,20.0,18.0,17.0,17.0,17.0,17.0,16.0,16.0,14.0
2017/11/28,15.0,15.0,,14.0,,13.0,14.0,13.0,13.0,13.0,13.0,12.0,12.0,12.0,12.0,12.0,12.0,14.0,16.0,18.0,19.0,21.0,22.0,24.0,25.0,26.0,,,27.0,27.0,27.0,27.0,27.0,27.0,26.0,25.0,23.0,22.0,,,,20.0,19.0,,18.0,18.0,16.0,16.0
2017/11/29,,15.0,,,13.0,13.0,13.0,,,12.0,12.0,12.0,12.0,12.0,13.0,13.0,14.0,16.0,19.0,,24.0,26.0,27.0,27.0,28.0,28.0,28.0,,28.0,28.0,27.0,,27.0,26.0,25.0,25.0,23.0,22.0,22.0,21.0,19.0,19.0,19.0,19.0,,19.0,17.0,17.0
2017/11/30,17.0,,16.0,16.0,15.0,15.0,,14.0,14.0,14.0,,13.0,13.0,13.0,13.0,13.0,,17.0,17.0,19.0,21.0,22.0,24.0,25.0,25.0,26.0,26.0,26.0,,26.0,27.0,27.0,26.0,26.0,25.0,24.0,23.0,22.0,21.0,20.0,19.0,19.0,18.0,17.0,16.0,15.0,15.0,15.0
2017/12/01,15.0,14.0,14.0,14.0,13.0,13.0,,13.0,13.0,12.0,12.0,12.0,,11.0,11.0,12.0,12.0,12.0,,,18.0,20.0,,22.0,24.0,,25.0,25.0,25.0,25.0,26.0,,25.0,,,22.0,22.0,20.0,20.0,19.0,19.0,17.0,17.0,,15.0,14.0,,14.0
2017/12/02,14.0,13.0,13.0,13.0,13.0,12.0,12.0,12.0,12.0,11.0,10.0,10.0,12.0,10.0,9.0,9.0,10.0,13.0,15.0,16.0,19.0,20.0,21.0,24.0,,24.0,25.0,25.0,26.0,26.0,26.0,,25.0,,23.0,22.0,21.0,20.0,19.0,18.0,17.0,15.0,17.0,16.0,15.0,15.0,14.0,13.0
2017/12/03,,13.0,12.0,12.0,12.0,11.0,12.0,11.0,11.0,11.0,,11.0,11.0,11.0,11.0,11.0,11.0,11.0,14.0,17.0,19.0,21.0,21.0,21.0,21.0,23.0,23.0,23.0,24.0,24.0,24.0,23.0,23.0,23.0,22.0,21.0,,20.0,18.0,17.0,17.0,16.0,16.0,15.0,,15.0,16.0,16.0
2017/12/04,15.0,15.0,15.0,,13.0,13.0,13.0,13.0,13.0,12.0,,12.0,12.0,12.0,12.0,12.0,12.0,14.0,15.0,17.0,18.0,,22.0,21.0,,22.0,,,,,,,,,,21.0,,20.0,20.0,19.0,,18.0,17.0,17.0,17.0,,,17.0
2017/12/05,17.0,17.0,17.0,17.0,17.0,16.0,16.0,16.0,16.0,16.0,16.0,15.0,15.0,15.0,15.0,15.0,17.0,17.0,18.0,19.0,19.0,20.0,,22.0,22.0,23.0,23.0,23.0,23.0,23.0,23.0,23.0,23.0,22.0,21.0,21.0,21.0,20.0,20.0,,19.0,18.0,,17.0,17.0,17.0,,17.0
2017/12/06,16.0,16.0,16.0,16.0,17.0,,17.0,,16.0,,,16.0,15.0,15.0,15.0,15.0,15.0,15.0,15.0,16.0,17.0,18.0,20.0,21.0,,,23.0,,,24.0,23.0,24.0,24.0,,,22.0,,21.0,,20.0,19.0,19.0,18.0,18.0,18.0,18.0,18.0,17.0
2017/12/07,17.0,17.0,15.0,15.0,15.0,15.0,15.0,15.0,15.0,15.0,15.0,14.0,14.0,15.0,16.0,16.0,16.0,17.0,17.0,18.0,19.0,20.0,21.0,21.0,,22.0,23.0,24.0,,24.0,24.0,24.0,24.0,23.0,22.0,21.0,20.0,19.0,18.0,18.0,17.0,17.0,,17.0,15.0,15.0,15.0,15.0
2017/12/08,15.0,15.0,14.0,14.0,,14.0,13.0,12.0,12.0,12.0,11.0,10.0,10.0,,10.0,10.0,11.0,12.0,13.0,15.0,16.0,18.0,20.0,21.0,,,,23.0,24.0,24.0,24.0,24.0,24.0,23.0,23.0,21.0,20.0,19.0,18.0,18.0,18.0,17.0,17.0,16.0,16.0,16.0,15.0,15.0
2017/12/09,15.0,14.0,14.0,14.0,13.0,12.0,,12.0,12.0,12.0,,11.0,11.0,11.0,11.0,12.0,12.0,12.0,15.0,16.0,,19.0,,21.0,22.0,23.0,24.0,,25.0,25.0,26.0,26.0,26.0,25.0,24.0,23.0,23.0,,,19.0,18.0,17.0,16.0,16.0,15.0,15.0,,14.0
2017/12/10,14.0,14.0,14.0,,13.0,13.0,13.0,13.0,12.0,12.0,12.0,12.0,12.0,12.0,12.0,12.0,12.0,13.0,15.0,17.0,18.0,,22.0,23.0,24.0,26.0,26.0,27.0,27.0,27.0,26.0,,25.0,24.0,23.0,22.0,21.0,,20.0,,18.0,18.0,17.0,16.0,16.0,15.0,15.0,14.0
2017/12/11,13.0,12.0,12.0,12.0,12.0,12.0,12.0,12.0,11.0,11.0,11.0,11.0,10.0,10.0,12.0,12.0,14.0,15.0,18.0,,21.0,22.0,22.0,23.0,23.0,,24.0,24.0,24.0,,24.0,24.0,24.0,,22.0,21.0,21.0,18.0,17.0,17.0,17.0,17.0,16.0,16.0,16.0,16.0,16.0,16.0
2017/12/12,15.0,15.0,15.0,15.0,,15.0,15.0,15.0,15.0,,15.0,15.0,15.0,15.0,15.0,,15.0,15.0,,16.0,,17.0,19.0,19.0,19.0,19.0,19.0,19.0,18.0,18.0,17.0,17.0,17.0,16.0,16.0,16.0,16.0,16.0,16.0,16.0,16.0,16.0,,16.0,16.0,15.0,15.0,15.0
2017/12/13,15.0,15.0,15.0,,15.0,15.0,15.0,14.0,14.0,14.0,14.0,14.0,14.0,13.0,13.0,13.0,13.0,13.0,13.0,14.0,14.0,14.0,15.0,15.0,16.0,16.0,17.0,,18.0,18.0,19.0,,18.0,18.0,,16.0,16.0,15.0,14.0,13.0,,13.0,13.0,,12.0,11.0,,11.0
2017/12/14,12.0,12.0,,12.0,12.0,12.0,12.0,12.0,,12.0,12.0,12.0,11.0,11.0,11.0,11.0,11.0,11.0,11.0,,12.0,12.0,13.0,13.0,15.0,16.0,16.0,17.0,17.0,17.0,18.0,18.0,18.0,18.0,17.0,16.0,15.0,15.0,14.0,14.0,13.0,13.0,12.0,12.0,11.0,11.0,11.0,11.0
2017/12/15,11.0,11.0,10.0,,,10.0,10.0,,,9.0,9.0,9.0,9.0,8.0,8.0,8.0,8.0,9.0,9.0,10.0,,,12.0,13.0,14.0,,16.0,17.0,18.0,18.0,,,18.0,18.0,17.0,17.0,16.0,14.0,14.0,14.0,13.0,13.0,13.0,12.0,12.0,11.0,10.0,11.0
2017/12/16,9.0,,9.0,9.0,8.0,8.0,8.0,9.0,9.0,9.0,9.0,8.0,8.0,8.0,8.0,8.0,,9.0,9.0,10.0,10.0,,13.0,16.0,15.0,,18.0,18.0,18.0,18.0,19.0,19.0,19.0,18.0,18.0,16.0,15.0,14.0,13.0,13.0,13.0,13.0,12.0,12.0,12.0,11.0,11.0,11.0
2017/12/17,11.0,11.0,11.0,10.0,9.0,8.0,8.0,8.0,8.0,,7.0,7.0,7.0,8.0,8.0,8.0,8.0,9.0,10.0,,13.0,15.0,16.0,18.0,19.0,19.0,20.0,21.0,21.0,22.0,22.0,22.0,21.0,21.0,,15.0,17.0,16.0,15.0,15.0,,14.0,,13.0,13.0,12.0,12.0,12.0
2017/12/18,12.0,12.0,11.0,10.0,10.0,10.0,10.0,9.0,8.0,8.0,,7.0,8.0,8.0,8.0,8.0,9.0,10.0,11.0,13.0,,16.0,17.0,20.0,20.0,,21.0,23.0,24.0,24.0,24.0,24.0,24.0,23.0,23.0,22.0,20.0,19.0,18.0,17.0,17.0,16.0,16.0,15.0,14.0,14.0,,13.0
2017/12/19,12.0,12.0,12.0,12.0,11.0,11.0,11.0,11.0,10.0,10.0,10.0,10.0,9.0,9.0,9.0,9.0,,10.0,10.0,11.0,14.0,14.0,16.0,17.0,18.0,20.0,21.0,22.0,22.0,23.0,23.0,23.0,23.0,22.0,21.0,20.0,19.0,18.0,17.0,17.0,17.0,17.0,16.0,16.0,16.0,15.0,15.0,15.0
2017/12/20,15.0,14.0,13.0,13.0,13.0,13.0,13.0,,11.0,11.0,11.0,11.0,11.0,,11.0,11.0,12.0,12.0,13.0,14.0,15.0,16.0,17.0,18.0,18.0,20.0,20.0,20.0,20.0,20.0,21.0,21.0,21.0,21.0,21.0,20.0,19.0,19.0,19.0,18.0,18.0,18.0,18.0,18.0,18.0,18.0,17.0,17.0
2017/12/21,16.0,16.0,15.0,15.0,15.0,15.0,15.0,,14.0,14.0,13.0,13.0,13.0,12.0,12.0,12.0,13.0,13.0,14.0,15.0,16.0,17.0,19.0,20.0,21.0,22.0,22.0,23.0,,24.0,24.0,24.0,24.0,23.0,22.0,21.0,21.0,20.0,19.0,18.0,17.0,17.0,17.0,17.0,17.0,16.0,14.0,14.0
2017/12/22,13.0,13.0,12.0,12.0,12.0,12.0,12.0,11.0,11.0,11.0,11.0,11.0,11.0,11.0,10.0,10.0,10.0,12.0,12.0,13.0,14.0,16.0,18.0,19.0,21.0,22.0,23.0,23.0,,25.0,25.0,,24.0,24.0,23.0,21.0,20.0,19.0,,17.0,16.0,16.0,16.0,15.0,14.0,14.0,,14.0
2017/12/23,13.0,13.0,13.0,12.0,11.0,11.0,11.0,10.0,10.0,10.0,10.0,10.0,9.0,,9.0,9.0,9.0,10.0,11.0,13.0,14.0,16.0,18.0,19.0,20.0,22.0,23.0,23.0,24.0,24.0,24.0,24.0,24.0,,,21.0,,20.0,19.0,18.0,,16.0,16.0,15.0,15.0,,14.0,13.0
2017/12/24,,12.0,12.0,,,11.0,11.0,11.0,10.0,10.0,10.0,9.0,9.0,9.0,9.0,10.0,10.0,10.0,14.0,18.0,19.0,,21.0,22.0,22.0,23.0,23.0,24.0,25.0,24.0,,,23.0,22.0,22.0,21.0,,18.0,17.0,17.0,15.0,14.0,,14.0,14.0,14.0,14.0,13.0
2017/12/25,13.0,13.0,,12.0,12.0,12.0,11.0,11.0,11.0,11.0,10.0,10.0,,9.0,9.0,9.0,9.0,10.0,11.0,12.0,15.0,16.0,17.0,18.0,19.0,20.0,21.0,21.0,22.0,22.0,22.0,,,22.0,21.0,20.0,19.0,18.0,,16.0,16.0,15.0,15.0,14.0,14.0,14.0,13.0,12.0
2017/12/26,12.0,11.0,11.0,,10.0,10.0,10.0,10.0,10.0,10.0,9.0,9.0,9.0,9.0,9.0,,9.0,10.0,11.0,12.0,,15.0,17.0,18.0,19.0,20.0,21.0,21.0,22.0,22.0,23.0,23.0,,22.0,21.0,20.0,19.0,18.0,18.0,17.0,17.0,16.0,14.0,14.0,,13.0,13.0,12.0
2017/12/27,,12.0,11.0,11.0,10.0,10.0,10.0,10.0,10.0,10.0,10.0,10.0,10.0,,9.0,9.0,9.0,11.0,12.0,13.0,15.0,17.0,19.0,20.0,21.0,,,,24.0,24.0,25.0,25.0,24.0,24.0,,23.0,21.0,20.0,18.0,17.0,17.0,16.0,16.0,16.0,16.0,15.0,14.0,14.0
2017/12/28,14.0,,13.0,,13.0,12.0,12.0,12.0,12.0,10.0,10.0,11.0,11.0,11.0,11.0,11.0,11.0,12.0,14.0,,16.0,18.0,18.0,22.0,23.0,23.0,23.0,24.0,24.0,24.0,24.0,24.0,24.0,24.0,22.0,20.0,20.0,20.0,18.0,17.0,16.0,15.0,15.0,15.0,14.0,13.0,13.0,13.0
2017/12/29,13.0,13.0,13.0,12.0,12.0,12.0,11.0,11.0,11.0,10.0,10.0,10.0,10.0,10.0,9.0,9.0,10.0,10.0,11.0,12.0,15.0,17.0,18.0,19.0,,21.0,22.0,22.0,23.0,24.0,24.0,,23.0,23.0,22.0,20.0,,19.0,18.0,18.0,17.0,16.0,16.0,16.0,16.0,,,14.0
2017/12/30,13.0,13.0,,12.0,,11.0,,,,,,10.0,10.0,9.0,9.0,9.0,9.0,10.0,11.0,12.0,14.0,16.0,,18.0,19.0,21.0,21.0,21.0,22.0,22.0,22.0,22.0,22.0,21.0,21.0,21.0,,,17.0,16.0,15.0,15.0,14.0,13.0,13.0,12.0,12.0,12.0
2017/12/31,,11.0,10.0,10.0,10.0,10.0,10.0,10.0,,10.0,10.0,10.0,10.0,10.0,10.0,9.0,8.0,9.0,9.0,10.0,10.0,10.0,11.0,12.0,14.0,17.0,19.0,20.0,21.0,22.0,22.0,22.0,,21.0,20.0,19.0,18.0,17.0,16.0,15.0,15.0,14.0,13.0,12.0,12.0,12.0,12.0,12.0
